cluster_root,cluster_type,alias,alias_freq,canonical_freq
2030,Timeframe,2024,444,461
2030,Timeframe,2025,439,461
2030,Timeframe,2026,144,461
2030,Timeframe,2023,118,461
2030,Timeframe,2027,98,461
2030,Timeframe,2022,84,461
2030,Timeframe,2028,83,461
2030,Timeframe,2026-2030,68,461
2030,Timeframe,2029,56,461
2030,Timeframe,2021,50,461
2030,Timeframe,2020,41,461
2030,Timeframe,2024-2030,35,461
2030,Timeframe,2025-2030,34,461
2030,Timeframe,Q1-Q3 2025,19,461
2030,Timeframe,2035,11,461
2030,Timeframe,Q3 2025,10,461
2030,Timeframe,April 2025,9,461
2030,Timeframe,October 2025,9,461
2030,Timeframe,2021-2023,8,461
2030,Timeframe,2019-2024,8,461
2030,Timeframe,May 2025,7,461
2030,Timeframe,Year 2025,7,461
2030,Timeframe,Year 2030,7,461
2030,Timeframe,Year 2024,7,461
2030,Timeframe,2018-2024,7,461
2030,Timeframe,Q1 2025,6,461
2030,Timeframe,2021-2030,6,461
2030,Timeframe,June 2025,6,461
2030,Timeframe,2022-2024,6,461
2030,Timeframe,2023-2024,6,461
2030,Timeframe,August 2025,6,461
2030,Timeframe,October 2024,6,461
2030,Timeframe,September 2025,6,461
2030,Timeframe,First Half Of 2025,6,461
2030,Timeframe,2024-2025,5,461
2030,Timeframe,2040,4,461
2030,Timeframe,2033,4,461
2030,Timeframe,Q2 2025,4,461
2030,Timeframe,2025 Q1,4,461
2030,Timeframe,2024-30,4,461
2030,Timeframe,2015-2020,4,461
2030,Timeframe,2015-2030,4,461
2030,Timeframe,2020-2030,4,461
2030,Timeframe,July 2025,4,461
2030,Timeframe,2022-2030,4,461
2030,Timeframe,Late 2025,4,461
2030,Timeframe,2012-2030,4,461
2030,Timeframe,January 2026,4,461
2030,Timeframe,December 2025,4,461
2030,Timeframe,Forecast Period,4,461
2030,Timeframe,2031,3,461
2030,Timeframe,2032,3,461
2030,Timeframe,2030S,3,461
2030,Timeframe,2023 Q3,3,461
2030,Timeframe,Q4 2024,3,461
2030,Timeframe,2021-2025,3,461
2030,Timeframe,2016-2025,3,461
2030,Timeframe,2020-2025,3,461
2030,Timeframe,2019-2025,3,461
2030,Timeframe,2018-2025,3,461
2030,Timeframe,2022-2023,3,461
2030,Timeframe,2019-2030,3,461
2030,Timeframe,2026-2027,3,461
2030,Timeframe,March 2025,3,461
2030,Timeframe,End Of 2025,3,461
2030,Timeframe,January 2025,3,461
2030,Timeframe,February 2025,3,461
2030,Timeframe,First Nine Months Of 2025,3,461
2030,Timeframe,2045,2,461
2030,Timeframe,Jan-25,2,461
2030,Timeframe,Q2 2026,2,461
2030,Timeframe,2018-24,2,461
2030,Timeframe,2025-30,2,461
2030,Timeframe,Q4 2025,2,461
2030,Timeframe,Q1 2026,2,461
2030,Timeframe,Q3 2024,2,461
2030,Timeframe,2023 Q4,2,461
2030,Timeframe,2024 Q3,2,461
2030,Timeframe,2025 Q2,2,461
2030,Timeframe,2022-10,2,461
2030,Timeframe,2025 Q3,2,461
2030,Timeframe,2024 Q2,2,461
2030,Timeframe,2024 Q1,2,461
2030,Timeframe,2024 Q4,2,461
2030,Timeframe,2023 Q2,2,461
2030,Timeframe,2023 Q1,2,461
2030,Timeframe,Mid-2025,2,461
2030,Timeframe,Year 2023,2,461
2030,Timeframe,Year 2022,2,461
2030,Timeframe,Year 2021,2,461
2030,Timeframe,Year 2020,2,461
2030,Timeframe,2025-2027,2,461
2030,Timeframe,2023-2025,2,461
2030,Timeframe,2020-2024,2,461
2030,Timeframe,Late 2026,2,461
2030,Timeframe,2010-2030,2,461
2030,Timeframe,2010-2015,2,461
2030,Timeframe,2017-2025,2,461
2030,Timeframe,2022-2025,2,461
2030,Timeframe,2021-2024,2,461
2030,Timeframe,April 2026,2,461
2030,Timeframe,Early 2026,2,461
2030,Timeframe,Q1-Q3 2024,2,461
2030,Timeframe,1 July 2026,2,461
2030,Timeframe,Summer 2025,2,461
2030,Timeframe,2030 Forecast,2,461
2030,Timeframe,May-June 2025,2,461
2030,Timeframe,Winter 2024/25,2,461
2030,Timeframe,September 2024,2,461
2030,Timeframe,Second Quarter 2024,2,461
2030,Timeframe,June To September 2025,2,461
2030,Timeframe,First Seven Months Of 2025,2,461
2030,Timeframe,First Eight Months Of 2025,2,461
2030,Timeframe,Nine Months To September 2025,2,461
2030,Timeframe,Q3,1,461
2030,Timeframe,Q4,1,461
2030,Timeframe,Feb,1,461
2030,Timeframe,2050,1,461
2030,Timeframe,2034,1,461
2030,Timeframe,2038,1,461
2030,Timeframe,2049,1,461
2030,Timeframe,2047,1,461
2030,Timeframe,Jan-19,1,461
2030,Timeframe,Jan-20,1,461
2030,Timeframe,Jan-21,1,461
2030,Timeframe,Jan-22,1,461
2030,Timeframe,Jan-23,1,461
2030,Timeframe,Jan-24,1,461
2030,Timeframe,Jul-25,1,461
2030,Timeframe,Feb-25,1,461
2030,Timeframe,May-25,1,461
2030,Timeframe,Jun-25,1,461
2030,Timeframe,Aug-25,1,461
2030,Timeframe,Sep-25,1,461
2030,Timeframe,Q2 2029,1,461
2030,Timeframe,2025/26,1,461
2030,Timeframe,2014-19,1,461
2030,Timeframe,2019-24,1,461
2030,Timeframe,2021-24,1,461
2030,Timeframe,2015-19,1,461
2030,Timeframe,2015-24,1,461
2030,Timeframe,1H 2025,1,461
2030,Timeframe,Q2 2024,1,461
2030,Timeframe,Q1 2024,1,461
2030,Timeframe,Fy 2024,1,461
2030,Timeframe,Fy 2025,1,461
2030,Timeframe,Q4_2025,1,461
2030,Timeframe,Q1 2023,1,461
2030,Timeframe,Q2 2023,1,461
2030,Timeframe,Q3 2023,1,461
2030,Timeframe,Q4 2023,1,461
2030,Timeframe,Q4_2027,1,461
2030,Timeframe,Mid-2024,1,461
2030,Timeframe,Jul 2025,1,461
2030,Timeframe,Mid-2029,1,461
2030,Timeframe,Nov 2023,1,461
2030,Timeframe,Jun 2025,1,461
2030,Timeframe,February,1,461
2030,Timeframe,End_2029,1,461
2030,Timeframe,End_2025,1,461
2030,Timeframe,End 2028,1,461
2030,Timeframe,2017-2030,1,461
2030,Timeframe,2025-2026,1,461
2030,Timeframe,2011-2030,1,461
2030,Timeframe,2027-2030,1,461
2030,Timeframe,2015-2019,1,461
2030,Timeframe,2029-2030,1,461
2030,Timeframe,June 2023,1,461
2030,Timeframe,2011-2023,1,461
2030,Timeframe,2016-2020,1,461
2030,Timeframe,2010-2021,1,461
2030,Timeframe,2014-2024,1,461
2030,Timeframe,2024 Main,1,461
2030,Timeframe,2013-2030,1,461
2030,Timeframe,June 2024,1,461
2030,Timeframe,2010-2025,1,461
2030,Timeframe,2010-2023,1,461
2030,Timeframe,2008-2030,1,461
2030,Timeframe,2025-2035,1,461
2030,Timeframe,2018-2023,1,461
2030,Timeframe,Mid-2030S,1,461
2030,Timeframe,2021-2022,1,461
2030,Timeframe,2018-2030,1,461
2030,Timeframe,2015-2025,1,461
2030,Timeframe,1990-2030,1,461
2030,Timeframe,2015-2023,1,461
2030,Timeframe,Year 2034,1,461
2030,Timeframe,Post-2030,1,461
2030,Timeframe,Late-2024,1,461
2030,Timeframe,Year 2027,1,461
2030,Timeframe,Year 2032,1,461
2030,Timeframe,Year 2026,1,461
2030,Timeframe,Year 2028,1,461
2030,Timeframe,Year 2029,1,461
2030,Timeframe,Late 2027,1,461
2030,Timeframe,1990-2025,1,461
2030,Timeframe,2025-2034,1,461
2030,Timeframe,July 2024,1,461
2030,Timeframe,2026-2029,1,461
2030,Timeframe,2028-2030,1,461
2030,Timeframe,Fy 2025-26,1,461
2030,Timeframe,Fy 2023-24,1,461
2030,Timeframe,Early 2025,1,461
2030,Timeframe,April_2025,1,461
2030,Timeframe,Early 2024,1,461
2030,Timeframe,Fy 2025/26,1,461
2030,Timeframe,Fy 2029/30,1,461
2030,Timeframe,April 2024,1,461
2030,Timeframe,01-07-2025,1,461
2030,Timeframe,01-01-2025,1,461
2030,Timeframe,01-07-2023,1,461
2030,Timeframe,01-01-2024,1,461
2030,Timeframe,01-07-2024,1,461
2030,Timeframe,April 2023,1,461
2030,Timeframe,Q1-Q3_2025,1,461
2030,Timeframe,Q2-Q3 2025,1,461
2030,Timeframe,March 2026,1,461
2030,Timeframe,Early 2028,1,461
2030,Timeframe,2022 March,1,461
2030,Timeframe,Early 2027,1,461
2030,Timeframe,Fy 2028-29,1,461
2030,Timeframe,2030 Target,1,461
2030,Timeframe,31 May 2025,1,461
2030,Timeframe,End Of 2024,1,461
2030,Timeframe,26 May 2025,1,461
2030,Timeframe,June 9 2025,1,461
2030,Timeframe,August 2024,1,461
2030,Timeframe,2026 Onward,1,461
2030,Timeframe,Winter 2026,1,461
2030,Timeframe,Fy 2025-2026,1,461
2030,Timeframe,2019 To 2024,1,461
2030,Timeframe,Late Q3 2025,1,461
2030,Timeframe,2026 To 2030,1,461
2030,Timeframe,October 2022,1,461
2030,Timeframe,January 2024,1,461
2030,Timeframe,November 2023,1,461
2030,Timeframe,2025 Mid-Year,1,461
2030,Timeframe,May-June 2024,1,461
2030,Timeframe,December 2028,1,461
2030,Timeframe,Fullyear_2025,1,461
2030,Timeframe,Full-Year 2024,1,461
2030,Timeframe,Winter 2025/26,1,461
2030,Timeframe,2024-26 Period,1,461
2030,Timeframe,Winter 2022/23,1,461
2030,Timeframe,Winter 2023/24,1,461
2030,Timeframe,10 August 2025,1,461
2030,Timeframe,4 October 2025,1,461
2030,Timeframe,Year 2026-2030,1,461
2030,Timeframe,11 August 2025,1,461
2030,Timeframe,End Of Forecast,1,461
2030,Timeframe,2025 And Beyond,1,461
2030,Timeframe,Q1 2023-Q2 2025,1,461
2030,Timeframe,2019-2024 Period,1,461
2030,Timeframe,Outlook For 2030,1,461
2030,Timeframe,May To July 2025,1,461
2030,Timeframe,Jan-25 To Sep-25,1,461
2030,Timeframe,End October 2025,1,461
2030,Timeframe,Beginning Of 2025,1,461
2030,Timeframe,30 September 2025,1,461
2030,Timeframe,First Half Of 2024,1,461
2030,Timeframe,Years 2019 To 2030,1,461
2030,Timeframe,2025-2030 Forecast,1,461
2030,Timeframe,2024-2030 Forecast,1,461
2030,Timeframe,Third Quarter 2023,1,461
2030,Timeframe,Second Half Of 2025,1,461
2030,Timeframe,Forecast Period End,1,461
2030,Timeframe,February-March 2025,1,461
2030,Timeframe,Summer Outlook 2025,1,461
2030,Timeframe,Early September 2025,1,461
2030,Timeframe,January To June 2025,1,461
2030,Timeframe,Time Period 1990-2024,1,461
2030,Timeframe,January 2020-May 2025,1,461
2030,Timeframe,January To April 2025,1,461
2030,Timeframe,Third Quarter Of 2023,1,461
2030,Timeframe,2025-26 Winter Season,1,461
2030,Timeframe,First Nine Months 2025,1,461
2030,Timeframe,Second Quarter Of 2025,1,461
2030,Timeframe,January To August 2025,1,461
2030,Timeframe,Second Quarter Of 2024,1,461
2030,Timeframe,January-September 2025,1,461
2030,Timeframe,2026-2030 Outlook Period,1,461
2030,Timeframe,Forecast Period 2019-2030,1,461
2030,Timeframe,Forecast Period 2025-2030,1,461
2030,Timeframe,Forecast Period 2026-2030,1,461
2030,Timeframe,2026-2030 Forecast Period,1,461
2030,Timeframe,1 April To 24 October 2025,1,461
2030,Timeframe,Time Frame Jan-22 To Sep-25,1,461
2030,Timeframe,September 2025 To March 2026,1,461
2030,Timeframe,February 2025 Federal Election,1,461
2030,Timeframe,First Nine Months Of The Year 2025,1,461
Iea,Policy,International Energy Agency,11,21
Iea,Policy,International Energy Agency (Iea),1,21
Gas,Energysource,Gases,1,53
Renewable Energy Technologies,Technology,Renewable Heating,3,10
Renewable Energy Technologies,Technology,Renewable Energy Heating Technologies,2,10
Renewable Energy Technologies,Technology,Heating Technology,1,10
Renewable Energy Technologies,Technology,Renewable Heat Technologies,1,10
Electricity Markets,Sector,Wholesale Markets,5,11
Electricity Markets,Sector,Power Markets,2,11
Electricity Markets,Sector,Energy Markets,2,11
Electricity Markets,Sector,Wholesale Electricity Markets,2,11
Electricity Markets,Sector,Wholesale Energy,1,11
Electricity Markets,Sector,Wholesale Buyers,1,11
Electricity Markets,Sector,Single Electricity Market,1,11
Electricity Markets,Sector,Gas And Coal Markets Division,1,11
Electricity Markets,Sector,Spot Wholesale Electricity Markets,1,11
Electricity Markets,Sector,"Gas, Coal And Power Markets Division",1,11
Electricity Markets,Sector,Electricity Systems And Markets Division,1,11
Electricity Markets,Sector,Provincial Wholesale Electricity Markets,1,11
Energy Efficiency,Policy,Efficiency Improvements,5,11
Energy Efficiency,Policy,Energy Efficiency Improvements,1,11
Energy Efficiency,Policy,Revised Energy Efficiency Requirements,1,11
Access To Energy,Metric,Electricity Access,2,5
Access To Energy,Metric,Universal Electricity Access,1,5
Demand Side Management,Policy,Demand-Side Flexibility,4,5
Demand Side Management,Policy,Demand-Side Reforms,1,5
Demand Side Management,Policy,Demand-Side Measures,1,5
Demand Side Management,Policy,Supply-Side Flexibility,1,5
Demand Side Management,Policy,Demand-Side Participation,1,5
Demand Side Management,Policy,Demand Flexibility Service,1,5
Demand Side Management,Policy,Demand Response Flexibility Contracts,1,5
Europe,Region,European Union,171,226
Europe,Region,Asia Pacific,65,226
Europe,Region,Asia,59,226
Europe,Region,Asean,37,226
Europe,Region,Southeast Asia,34,226
Europe,Region,Eu,30,226
Europe,Region,Oecd Europe,26,226
Europe,Region,Other Asia,22,226
Europe,Region,Oecd Americas,18,226
Europe,Region,Oecd Asia Oceania,17,226
Europe,Region,Advanced Economies,16,226
Europe,Region,Asean Countries,10,226
Europe,Region,Emerging Economies,10,226
Europe,Region,Total Non-Oecd,9,226
Europe,Region,Non-Oecd,7,226
Europe,Region,Asian Markets,7,226
Europe,Region,Non-Oecd Europe,7,226
Europe,Region,Asia Oceania,5,226
Europe,Region,Non-Oecd Americas,5,226
Europe,Region,Oecd Countries,4,226
Europe,Region,European Countries,4,226
Europe,Region,Oecd Asia,3,226
Europe,Region,Asia-Pacific,3,226
Europe,Region,Asean Region,3,226
Europe,Region,Emerging Markets,3,226
Europe,Region,Eu Member States,3,226
Europe,Region,Other Asia Pacific,3,226
Europe,Region,32 Member Countries,3,226
Europe,Region,East Asia,2,226
Europe,Region,Oecd Pacific,2,226
Europe,Region,Member States,2,226
Europe,Region,Southeastasia,2,226
Europe,Region,Non-Oecd Eurasia,2,226
Europe,Region,Member Countries,2,226
Europe,Region,Advancedeconomies,2,226
Europe,Region,Oecd North America,2,226
Europe,Region,Non-Oecd Countries,2,226
Europe,Region,Non-Opec+ Americas,2,226
Europe,Region,Selected Countries,2,226
Europe,Region,Developed Economies,2,226
Europe,Region,Emerging And Developing Countries,2,226
Europe,Region,Emerging And Developing Economies,2,226
Europe,Region,European Union Member States Of The Oecd,2,226
Europe,Region,Non-Eu,1,226
Europe,Region,Non-China,1,226
Europe,Region,Countries,1,226
Europe,Region,Other Oecd,1,226
Europe,Region,Others_Asia,1,226
Europe,Region,Other Opec+,1,226
Europe,Region,Oecd Markets,1,226
Europe,Region,Eu Countries,1,226
Europe,Region,Rest Of Asean,1,226
Europe,Region,Opec+ Members,1,226
Europe,Region,Non-Oecd China,1,226
Europe,Region,European_Union,1,226
Europe,Region,Non-Opec+ Asia,1,226
Europe,Region,Other Non-Oecd,1,226
Europe,Region,Total Non-Oecd2,1,226
Europe,Region,Other Countries,1,226
Europe,Region,Asean_Countries,1,226
Europe,Region,Asian Countries,1,226
Europe,Region,Other Non-Opec+,1,226
Europe,Region,Non-Opec+ Latam,1,226
Europe,Region,Outside Of China,1,226
Europe,Region,Non-Eu Countries,1,226
Europe,Region,27 Member States,1,226
Europe,Region,Non-Opec+ Africa,1,226
Europe,Region,Non-Opec+ Regions,1,226
Europe,Region,Developing Regions,1,226
Europe,Region,Oecd Supply Europe,1,226
Europe,Region,Other Oecd America,1,226
Europe,Region,Opec Member States,1,226
Europe,Region,Non-Oecd Other Asia,1,226
Europe,Region,Others_Asia Oceania,1,226
Europe,Region,Non-Opec+ Producers,1,226
Europe,Region,Asia Pacific Region,1,226
Europe,Region,Oecd Member Nations,1,226
Europe,Region,Member States Of Eu,1,226
Europe,Region,Developed Countries,1,226
Europe,Region,Oecd Supply Americas,1,226
Europe,Region,Developing Countries,1,226
Europe,Region,Non-Oecd Middle East,1,226
Europe,Region,Other Opec Countries,1,226
Europe,Region,Non-Oecd Supply China,1,226
Europe,Region,Other Non-Opec Opec+3,1,226
Europe,Region,Other Asia (Ex-India),1,226
Europe,Region,Other Asian Economies,1,226
Europe,Region,Ex-China Asia Pacific,1,226
Europe,Region,African Opec+ Members,1,226
Europe,Region,Non-Oecd Supply Europe,1,226
Europe,Region,Non-Oecd Latin America,1,226
Europe,Region,Other Asia Middle East,1,226
Europe,Region,Non-Oecd Asian Markets,1,226
Europe,Region,Non-Oecd Supply Eurasia,1,226
Europe,Region,Oecd Supply Asia Oceania,1,226
Europe,Region,Non-Opec Opec+ Countries,1,226
Europe,Region,Non-Oecd Member Countries,1,226
Europe,Region,Southeast Asian Economies,1,226
Europe,Region,Emerging Market Countries,1,226
Europe,Region,Asia Pacific (Excl. China),1,226
Europe,Region,Asia Pacific Excluding China,1,226
Europe,Region,Other Non-Opec Opec+ Members,1,226
Europe,Region,European Union Member States,1,226
Europe,Region,Price-Sensitive Asian Markets,1,226
Europe,Region,Advanced Asia Pacific Markets,1,226
Europe,Region,Asia Pacific (Excluding India),1,226
Europe,Region,Emerginganddevelopingcountries,1,226
Europe,Region,Five Southeast Asian Economies,1,226
Europe,Region,Advanced And Emerging Economies,1,226
Europe,Region,Advanced Asia Pacific Economies,1,226
Europe,Region,Emerging Middle-Income Economies,1,226
Europe,Region,Developing And Emerging Countries,1,226
Europe,Region,Emerging Markets And Developing Economies,1,226
Europe,Region,Asia Pacific Region Excluding China And India,1,226
Europe,Region,Southeast Asia Excluding Indonesia And Viet Nam,1,226
13 Association Countries,Region,Association Countries,1,3
Australia,Region,"Australia, Nsw",1,136
Japan,Region,Japan (Country),1,138
Korea,Region,South Korea,3,90
Netherlands,Region,The Netherlands,5,66
Slovak Republic,Region,Slovakia,4,11
Türkiye,Region,Republic Of Türkiye,12,42
United Kingdom,Region,Uk,12,92
European Commission,Policy,Eu Commission,2,18
European Commission,Policy,European Commission Proposal,1,18
European Commission,Policy,European Commission'S Proposed Regulation,1,18
Power Generation,Sector,Electricity Generation,26,28
Power Generation,Sector,Powergeneration,5,28
Power Generation,Sector,Electricitygeneration,5,28
Power Generation,Sector,Power And Heat,3,28
Power Generation,Sector,Electricity And Heat,1,28
Power Generation,Sector,Thermal Power Generation,1,28
Power Generation,Sector,Power And Heat Generation,1,28
Power Generation,Sector,Electricity And Heat Generation,1,28
Lng Market,Sector,Global Gas Market,4,5
Lng Market,Sector,Global Lng Market,3,5
Lng Market,Sector,Global Gas Markets,2,5
Lng Market,Sector,Global Lng Markets,2,5
Lng Market,Sector,Natural Gas Markets,2,5
Lng Market,Sector,Oil Market,1,5
Lng Market,Sector,Crude Market,1,5
Lng Market,Sector,Naturalgasmarkets,1,5
Lng Market,Sector,Global Oil Markets,1,5
Coal2025,Policy,Coal 2025,1,1
Carlos Fernández Alvarez,Sector,Carlos Fernández Álvarez,1,2
Carlos Fernández Alvarez,Sector,Carlos Fernandez Alvarez,1,2
Eren Çam,Sector,Eren Cam,2,2
Stéphanie Bouckaert,Sector,Stephanie Bouckaert,1,2
Stéphanie Bouckaert,Sector,Stephanie Bouchaert,1,2
Akos Losz,Sector,Akos Lósz,1,5
Gergely Molnar,Sector,Gergely Molnár,3,4
Energy Data Centre,Infrastructure,Iea Energy Data Centre,1,2
Iea Communication And Digital Office,Sector,Communications And Digital Office,1,4
Ramaco Resources,Sector,Ramaco,1,2
Ramaco Resources,Sector,Ramaco Resources Llc,1,2
Whitehaven Coal,Sector,Whitehaven Coal Ltd,1,2
Thungela Resources,Sector,Thungela,2,4
Thungela Resources,Sector,Thungela Resources Ltd.,1,4
Rwe Ag,Sector,Rwe,1,2
Glencore,Sector,Glencore Plc,2,2
Transport Sector,Sector,Road Sector,4,36
Transport Sector,Sector,Maritime Sector,4,36
Transport Sector,Sector,International Shipping,4,36
Transport Sector,Sector,Maritime Transport,3,36
Transport Sector,Sector,Trade,2,36
Transport Sector,Sector,Global Trade,2,36
Transport Sector,Sector,Transportation Sector,2,36
Transport Sector,Sector,Marine Transport Sector,2,36
Transport Sector,Sector,Maritime,1,36
Transport Sector,Sector,Seaborne Trade,1,36
Transport Sector,Sector,Maritime Trade,1,36
Transport Sector,Sector,Marine Shipping,1,36
Transport Sector,Sector,Seaborne Exports,1,36
Transport Sector,Sector,Transport Sectors,1,36
Transport Sector,Sector,Global Crude Trade,1,36
Transport Sector,Sector,International Trade,1,36
Transport Sector,Sector,Transportation Sectors,1,36
Transport Sector,Sector,International Maritime Shipping,1,36
Prices,Metric,Product Prices,2,3
Prices,Metric,Prices And Costs,1,3
Electricity Demand,Metric,Oil Demand,18,80
Electricity Demand,Metric,Electricity Demand Growth,14,80
Electricity Demand,Metric,Electricity Consumption,11,80
Electricity Demand,Metric,Co2 Emissions,10,80
Electricity Demand,Metric,Refining Capacity,10,80
Electricity Demand,Metric,Electricity Prices,10,80
Electricity Demand,Metric,Coal Demand,8,80
Electricity Demand,Metric,Biofuel Demand,8,80
Electricity Demand,Metric,Gasoline Demand,8,80
Electricity Demand,Metric,Refined Product Demand,8,80
Electricity Demand,Metric,Lng Prices,7,80
Electricity Demand,Metric,Spot Lng Prices,7,80
Electricity Demand,Metric,Global Oil Demand,7,80
Electricity Demand,Metric,Transport Fuel Demand,6,80
Electricity Demand,Metric,Wholesale Electricity Prices,6,80
Electricity Demand,Metric,Oil Supply,5,80
Electricity Demand,Metric,Congestion,5,80
Electricity Demand,Metric,Demand Growth,5,80
Electricity Demand,Metric,Global Lng Trade,5,80
Electricity Demand,Metric,Carbon Intensity,5,80
Electricity Demand,Metric,Installed Capacity,5,80
Electricity Demand,Metric,Residential Electricity Prices,5,80
Electricity Demand,Metric,Renewable Electricity Capacity,5,80
Electricity Demand,Metric,Energy Costs,4,80
Electricity Demand,Metric,Diesel Demand,4,80
Electricity Demand,Metric,Oil Production,4,80
Electricity Demand,Metric,Oil Demand Growth,4,80
Electricity Demand,Metric,Gas Demand Growth,4,80
Electricity Demand,Metric,Domestic Gas Demand,4,80
Electricity Demand,Metric,Crude Oil Production,4,80
Electricity Demand,Metric,Natural Gas Consumption,4,80
Electricity Demand,Metric,Renewable Power Capacity,4,80
Electricity Demand,Metric,Retail Electricity Prices,4,80
Electricity Demand,Metric,Lng Liquefaction Capacity,4,80
Electricity Demand,Metric,Renewable Energy Capacity,4,80
Electricity Demand,Metric,Electricity Demand Growth 2025,4,80
Electricity Demand,Metric,Coal Prices,3,80
Electricity Demand,Metric,Fuel Demand,3,80
Electricity Demand,Metric,Total Demand,3,80
Electricity Demand,Metric,Jet Fuel Demand,3,80
Electricity Demand,Metric,Negative Prices,3,80
Electricity Demand,Metric,Export Capacity,3,80
Electricity Demand,Metric,Met Coal Demand,3,80
Electricity Demand,Metric,Met Coal Exports,3,80
Electricity Demand,Metric,Wholesale Prices,3,80
Electricity Demand,Metric,Global Gas Demand,3,80
Electricity Demand,Metric,Electricityprices,3,80
Electricity Demand,Metric,Refining Throughput,3,80
Electricity Demand,Metric,Energy Supply Costs,3,80
Electricity Demand,Metric,Coal Production 2025,3,80
Electricity Demand,Metric,Electricity Mix 2025,3,80
Electricity Demand,Metric,Capacity Utilisation,3,80
Electricity Demand,Metric,Global Gas Demand Growth,3,80
Electricity Demand,Metric,Biofuel Feedstock Demand,3,80
Electricity Demand,Metric,Electricity Sector Emissions,3,80
Electricity Demand,Metric,Global Electricity Generation,3,80
Electricity Demand,Metric,Electricity Demand Growth 2024,3,80
Electricity Demand,Metric,Electricity Demand Growth 2026-2030,3,80
Electricity Demand,Metric,Regional Demand For Refined Products,3,80
Electricity Demand,Metric,Renewable Energy Consumption In Transport,3,80
Electricity Demand,Metric,Capacity,2,80
Electricity Demand,Metric,Lng Stocks,2,80
Electricity Demand,Metric,Gasoline Use,2,80
Electricity Demand,Metric,Co2 Intensity,2,80
Electricity Demand,Metric,Ghg Emissions,2,80
Electricity Demand,Metric,Cooling Demand,2,80
Electricity Demand,Metric,Ghg Reductions,2,80
Electricity Demand,Metric,Product Demand,2,80
Electricity Demand,Metric,Crude Capacity,2,80
Electricity Demand,Metric,Gas Consumption,2,80
Electricity Demand,Metric,Non-Opec Supply,2,80
Electricity Demand,Metric,Oil Consumption,2,80
Electricity Demand,Metric,Pv Installations,2,80
Electricity Demand,Metric,Biodiesel Demand,2,80
Electricity Demand,Metric,Total Oil Demand,2,80
Electricity Demand,Metric,China Oil Demand,2,80
Electricity Demand,Metric,Crude Production,2,80
Electricity Demand,Metric,Met Coal Imports,2,80
Electricity Demand,Metric,Electricity Price,2,80
Electricity Demand,Metric,Crude Throughputs,2,80
Electricity Demand,Metric,Refinery Capacity,2,80
Electricity Demand,Metric,Lng Supply Growth,2,80
Electricity Demand,Metric,Global Oil Supply,2,80
Electricity Demand,Metric,Methane Emissions,2,80
Electricity Demand,Metric,Capacity Additions,2,80
Electricity Demand,Metric,Global Coal Demand,2,80
Electricity Demand,Metric,Energy Consumption,2,80
Electricity Demand,Metric,Piped Gas Supplies,2,80
Electricity Demand,Metric,Natural Gas Supply,2,80
Electricity Demand,Metric,Chinese Oil Demand,2,80
Electricity Demand,Metric,Fuel Demand Growth,2,80
Electricity Demand,Metric,Generation Capacity,2,80
Electricity Demand,Metric,Solar Pv Deployment,2,80
Electricity Demand,Metric,Lng Export Capacity,2,80
Electricity Demand,Metric,Refinery Throughput,2,80
Electricity Demand,Metric,Oil Supply Security,2,80
Electricity Demand,Metric,Per Capita Fuel Use,2,80
Electricity Demand,Metric,Lng Import Capacity,2,80
Electricity Demand,Metric,Shipping Fuel Demand,2,80
Electricity Demand,Metric,Coal Production 2030,2,80
Electricity Demand,Metric,Thermal Coal Imports,2,80
Electricity Demand,Metric,Overall Energy Demand,2,80
Electricity Demand,Metric,Domestic Crude Output,2,80
Electricity Demand,Metric,Renewable Heat Demand,2,80
Electricity Demand,Metric,New Refining Capacity,2,80
Electricity Demand,Metric,Gas Consumption Growth,2,80
Electricity Demand,Metric,Renewable Power Output,2,80
Electricity Demand,Metric,Ghg Intensity Of Fuels,2,80
Electricity Demand,Metric,Australian Coal Supply,2,80
Electricity Demand,Metric,Global Coal Production,2,80
Electricity Demand,Metric,Total Coal Consumption,2,80
Electricity Demand,Metric,Electricity Prices 2024,2,80
Electricity Demand,Metric,Other Dry Gas Production,2,80
Electricity Demand,Metric,Coal Production In India,2,80
Electricity Demand,Metric,Coal Production In China,2,80
Electricity Demand,Metric,Natural Gas Demand Growth,2,80
Electricity Demand,Metric,Global Natural Gas Demand,2,80
Electricity Demand,Metric,Global Annual Heat Demand,2,80
Electricity Demand,Metric,Us Natural Gas Production,2,80
Electricity Demand,Metric,Global Electricity Demand,2,80
Electricity Demand,Metric,Householdelectricityprices,2,80
Electricity Demand,Metric,Wholesaleelectricityprices,2,80
Electricity Demand,Metric,Upgrading Capacity Additions,2,80
Electricity Demand,Metric,Blade Manufacturing Capacity,2,80
Electricity Demand,Metric,Industrial Electricity Demand,2,80
Electricity Demand,Metric,Module Manufacturing Capacity,2,80
Electricity Demand,Metric,Wafers Manufacturing Capacity,2,80
Electricity Demand,Metric,Metallurgical Coal Production,2,80
Electricity Demand,Metric,Global Electricity Consumption,2,80
Electricity Demand,Metric,Electricity Generation Mix 2025,2,80
Electricity Demand,Metric,Solar Pv Manufacturing Capacity,2,80
Electricity Demand,Metric,Renewable Fuel Use In Transport,2,80
Electricity Demand,Metric,Energy Component Of Retail Rates,2,80
Electricity Demand,Metric,Renewable Generation Growth 2025,2,80
Electricity Demand,Metric,500 Gw Non-Fossil Capacity Target,2,80
Electricity Demand,Metric,Annual Heat-Related Co2 Emissions,2,80
Electricity Demand,Metric,Per Capita Electricity Consumption,2,80
Electricity Demand,Metric,Renewable Electricity Capacity Additions,2,80
Electricity Demand,Metric,Gas Use,1,80
Electricity Demand,Metric,Coal Use,1,80
Electricity Demand,Metric,Lng Glut,1,80
Electricity Demand,Metric,Lng Trade,1,80
Electricity Demand,Metric,Throughput,1,80
Electricity Demand,Metric,Wind Share,1,80
Electricity Demand,Metric,Oecd Demand,1,80
Electricity Demand,Metric,Oecd Supply,1,80
Electricity Demand,Metric,Lpg Exports,1,80
Electricity Demand,Metric,2024 Demand,1,80
Electricity Demand,Metric,2030 Demand,1,80
Electricity Demand,Metric,Energy Cost,1,80
Electricity Demand,Metric,Biofuel Use,1,80
Electricity Demand,Metric,Heat Demand,1,80
Electricity Demand,Metric,Coal Supply,1,80
Electricity Demand,Metric,Power Prices,1,80
Electricity Demand,Metric,2030 Targets,1,80
Electricity Demand,Metric,Demandgrowth,1,80
Electricity Demand,Metric,Opec+ Supply,1,80
Electricity Demand,Metric,Gasoil Demand,1,80
Electricity Demand,Metric,Ghg Intensity,1,80
Electricity Demand,Metric,Biodiesel Use,1,80
Electricity Demand,Metric,Energy Prices,1,80
Electricity Demand,Metric,Global Supply,1,80
Electricity Demand,Metric,Firm Capacity,1,80
Electricity Demand,Metric,Us Oil Supply,1,80
Electricity Demand,Metric,Us Demand 2030,1,80
Electricity Demand,Metric,Naphtha Demand,1,80
Electricity Demand,Metric,Oil Price 2026,1,80
Electricity Demand,Metric,Eurasia Demand,1,80
Electricity Demand,Metric,Oil Price 2030,1,80
Electricity Demand,Metric,Oil Price 2025,1,80
Electricity Demand,Metric,Eu Fuel Market,1,80
Electricity Demand,Metric,Total Coal Use,1,80
Electricity Demand,Metric,Negativeprices,1,80
Electricity Demand,Metric,Market Signals,1,80
Electricity Demand,Metric,Global Oil Use,1,80
Electricity Demand,Metric,Product Supply,1,80
Electricity Demand,Metric,Non-Oecd Demand,1,80
Electricity Demand,Metric,Non-Oecd Supply,1,80
Electricity Demand,Metric,Capacity Growth,1,80
Electricity Demand,Metric,Wind Deployment,1,80
Electricity Demand,Metric,Ethane Capacity,1,80
Electricity Demand,Metric,Jet Fuel Prices,1,80
Electricity Demand,Metric,Feedstock Costs,1,80
Electricity Demand,Metric,Congestion Cost,1,80
Electricity Demand,Metric,Electricity Use,1,80
Electricity Demand,Metric,Demand Increase,1,80
Electricity Demand,Metric,Oil 2025 Demand,1,80
Electricity Demand,Metric,Natural Gas Use,1,80
Electricity Demand,Metric,Net Lng Imports,1,80
Electricity Demand,Metric,Lng Supply Glut,1,80
Electricity Demand,Metric,Opec+ Oil Output,1,80
Electricity Demand,Metric,Energy Intensity,1,80
Electricity Demand,Metric,India Oil Demand,1,80
Electricity Demand,Metric,Total Oil Supply,1,80
Electricity Demand,Metric,Crude Throughput,1,80
Electricity Demand,Metric,Transport Demand,1,80
Electricity Demand,Metric,Heat Consumption,1,80
Electricity Demand,Metric,Congestion Costs,1,80
Electricity Demand,Metric,Electricity Bill,1,80
Electricity Demand,Metric,Feedstock Prices,1,80
Electricity Demand,Metric,Coal Prices 2025,1,80
Electricity Demand,Metric,Sector'S Gas Use,1,80
Electricity Demand,Metric,Coal Demand 2025,1,80
Electricity Demand,Metric,Us Ethane Demand,1,80
Electricity Demand,Metric,Fuel Expenditure,1,80
Electricity Demand,Metric,Non-Opec+ Growth,1,80
Electricity Demand,Metric,Coal Consumption,1,80
Electricity Demand,Metric,Lng Import Needs,1,80
Electricity Demand,Metric,Other Asia Demand,1,80
Electricity Demand,Metric,Kazakh Oil Output,1,80
Electricity Demand,Metric,Lpg/Ethane Demand,1,80
Electricity Demand,Metric,Oil Demand In Uae,1,80
Electricity Demand,Metric,Biomethane Target,1,80
Electricity Demand,Metric,Pv Wafer Capacity,1,80
Electricity Demand,Metric,Steam Coal Supply,1,80
Electricity Demand,Metric,Additional Demand,1,80
Electricity Demand,Metric,Power Consumption,1,80
Electricity Demand,Metric,Lng Supply Volume,1,80
Electricity Demand,Metric,Heating Intensity,1,80
Electricity Demand,Metric,Oil Supply Growth,1,80
Electricity Demand,Metric,Us Oil Production,1,80
Electricity Demand,Metric,Gas Supply Growth,1,80
Electricity Demand,Metric,Lng Import Growth,1,80
Electricity Demand,Metric,Lng Demand Growth,1,80
Electricity Demand,Metric,Lng Export Growth,1,80
Electricity Demand,Metric,Global Gas Supply,1,80
Electricity Demand,Metric,Total Consumption,1,80
Electricity Demand,Metric,Asian Spot Prices,1,80
Electricity Demand,Metric,Canada Demand 2030,1,80
Electricity Demand,Metric,Capacity Build-Out,1,80
Electricity Demand,Metric,Middle East Demand,1,80
Electricity Demand,Metric,Crude Oil Capacity,1,80
Electricity Demand,Metric,Oil Demand In Iraq,1,80
Electricity Demand,Metric,Oil Demand In Iran,1,80
Electricity Demand,Metric,Capacity Reduction,1,80
Electricity Demand,Metric,Capacity Expansion,1,80
Electricity Demand,Metric,Fossil Fuel Demand,1,80
Electricity Demand,Metric,Biojet Fuel Demand,1,80
Electricity Demand,Metric,Saf Demand Us 2030,1,80
Electricity Demand,Metric,Biojet Fuel Prices,1,80
Electricity Demand,Metric,Renewable Heat Use,1,80
Electricity Demand,Metric,Coking Coal Demand,1,80
Electricity Demand,Metric,Fossil Fuel Prices,1,80
Electricity Demand,Metric,Global_Coal_Demand,1,80
Electricity Demand,Metric,Lignite Production,1,80
Electricity Demand,Metric,Non-Oil Gdp Growth,1,80
Electricity Demand,Metric,Offshore Wind Goal,1,80
Electricity Demand,Metric,Emission Intensity,1,80
Electricity Demand,Metric,Total Coal Exports,1,80
Electricity Demand,Metric,2030 Share Of Coal,1,80
Electricity Demand,Metric,Eu Wholesale Price,1,80
Electricity Demand,Metric,Operating Capacity,1,80
Electricity Demand,Metric,2025 Share Of Coal,1,80
Electricity Demand,Metric,Lng Trading Prices,1,80
Electricity Demand,Metric,Lng Export Volumes,1,80
Electricity Demand,Metric,Net Lng Production,1,80
Electricity Demand,Metric,Oil Demand Savings,1,80
Electricity Demand,Metric,Oil Demand In Asia,1,80
Electricity Demand,Metric,Electricity Tariff,1,80
Electricity Demand,Metric,109 Mt Coal Demand,1,80
Electricity Demand,Metric,Security Of Supply,1,80
Electricity Demand,Metric,Dry Gas Production,1,80
Electricity Demand,Metric,Lng Feedgas Demand,1,80
Electricity Demand,Metric,Non-Opec Production,1,80
Electricity Demand,Metric,Power Demand Growth,1,80
Electricity Demand,Metric,European Oil Demand,1,80
Electricity Demand,Metric,Eurasian Oil Demand,1,80
Electricity Demand,Metric,Total Demand Growth,1,80
Electricity Demand,Metric,Saf Demand Row 2030,1,80
Electricity Demand,Metric,Biofuel Consumption,1,80
Electricity Demand,Metric,Global Supply Share,1,80
Electricity Demand,Metric,Consumption In 2024,1,80
Electricity Demand,Metric,Fuel Demand Changes,1,80
Electricity Demand,Metric,Thermal Coal Prices,1,80
Electricity Demand,Metric,Coal Power Capacity,1,80
Electricity Demand,Metric,Low Spot Lng Prices,1,80
Electricity Demand,Metric,European Gas Demand,1,80
Electricity Demand,Metric,Non-Oecd Oil Demand,1,80
Electricity Demand,Metric,Solar Capacity 2025,1,80
Electricity Demand,Metric,Europe'S Gas Demand,1,80
Electricity Demand,Metric,Total Oil Production,1,80
Electricity Demand,Metric,Us Oil Supply Growth,1,80
Electricity Demand,Metric,Operational Capacity,1,80
Electricity Demand,Metric,Refining Throughputs,1,80
Electricity Demand,Metric,Total Liquids Demand,1,80
Electricity Demand,Metric,Ghg Reduction Quotas,1,80
Electricity Demand,Metric,High Feedstock Costs,1,80
Electricity Demand,Metric,Global Energy Demand,1,80
Electricity Demand,Metric,Renewable Heat Share,1,80
Electricity Demand,Metric,Shares Of Renewables,1,80
Electricity Demand,Metric,Wholesale Spot Price,1,80
Electricity Demand,Metric,Solar Pv Growth 2025,1,80
Electricity Demand,Metric,Global Co2 Intensity,1,80
Electricity Demand,Metric,Capacity Constraints,1,80
Electricity Demand,Metric,Gas Consumption 2024,1,80
Electricity Demand,Metric,Fuel Demand Per Head,1,80
Electricity Demand,Metric,Gasoline Consumption,1,80
Electricity Demand,Metric,Coal Demand In China,1,80
Electricity Demand,Metric,Primary Energy Costs,1,80
Electricity Demand,Metric,Lng Carrier Capacity,1,80
Electricity Demand,Metric,Power Sector Gas Use,1,80
Electricity Demand,Metric,Overall Energy Needs,1,80
Electricity Demand,Metric,Offshore Wind Outlook,1,80
Electricity Demand,Metric,Coal Benchmark Prices,1,80
Electricity Demand,Metric,Kazakh Crude Capacity,1,80
Electricity Demand,Metric,Coal Demand For Steel,1,80
Electricity Demand,Metric,Venezuelan Oil Supply,1,80
Electricity Demand,Metric,Oil Demand By Product,1,80
Electricity Demand,Metric,Middle Eastern Demand,1,80
Electricity Demand,Metric,Coal-For-Power Demand,1,80
Electricity Demand,Metric,Saf Demand Japan 2030,1,80
Electricity Demand,Metric,Renewable Fuel Demand,1,80
Electricity Demand,Metric,Non-Power Coal Demand,1,80
Electricity Demand,Metric,Biofuel Demand Growth,1,80
Electricity Demand,Metric,Road Transport Demand,1,80
Electricity Demand,Metric,Met Coal Demand 85 Mt,1,80
Electricity Demand,Metric,Colombian Coal Supply,1,80
Electricity Demand,Metric,Total Coal Production,1,80
Electricity Demand,Metric,Us Electricity Demand,1,80
Electricity Demand,Metric,Eu Electricity Demand,1,80
Electricity Demand,Metric,Seaborne Coal Imports,1,80
Electricity Demand,Metric,Lng Price Environment,1,80
Electricity Demand,Metric,Electricityprices2025,1,80
Electricity Demand,Metric,Renewable Integration,1,80
Electricity Demand,Metric,High Renewable Output,1,80
Electricity Demand,Metric,Lng Contracted Volume,1,80
Electricity Demand,Metric,Global Product Supply,1,80
Electricity Demand,Metric,Asian Spot Lng Prices,1,80
Electricity Demand,Metric,Lng Shipping Capacity,1,80
Electricity Demand,Metric,Global Lpg Demand 2024,1,80
Electricity Demand,Metric,Global Lpg Demand 2030,1,80
Electricity Demand,Metric,Global Lpg Consumption,1,80
Electricity Demand,Metric,Offshore Wind Forecast,1,80
Electricity Demand,Metric,Coal Demand For Cement,1,80
Electricity Demand,Metric,Oil Consumption Growth,1,80
Electricity Demand,Metric,Product Supply Deficit,1,80
Electricity Demand,Metric,Total Feedstock Demand,1,80
Electricity Demand,Metric,Total Transport Demand,1,80
Electricity Demand,Metric,Saf Demand Europe 2030,1,80
Electricity Demand,Metric,Fossil Jet Fuel Prices,1,80
Electricity Demand,Metric,Industrial Power Bills,1,80
Electricity Demand,Metric,New Installed Capacity,1,80
Electricity Demand,Metric,50 Twh Biogases Target,1,80
Electricity Demand,Metric,Manufacturing Capacity,1,80
Electricity Demand,Metric,Global Imports Of Coal,1,80
Electricity Demand,Metric,Coal Production Global,1,80
Electricity Demand,Metric,Higher Feedstock Costs,1,80
Electricity Demand,Metric,Electricity Bills 2019,1,80
Electricity Demand,Metric,Electricity Bills 2024,1,80
Electricity Demand,Metric,Renewable Energy Share,1,80
Electricity Demand,Metric,Power Sector Emissions,1,80
Electricity Demand,Metric,Congestion Constraints,1,80
Electricity Demand,Metric,Gas Demand Growth 2024,1,80
Electricity Demand,Metric,Incremental Gas Demand,1,80
Electricity Demand,Metric,Total Coal Demand 2030,1,80
Electricity Demand,Metric,Total Coal Demand 2025,1,80
Electricity Demand,Metric,Global Oil Consumption,1,80
Electricity Demand,Metric,Gas Demand Growth 2023,1,80
Electricity Demand,Metric,Net Electricity Demand,1,80
Electricity Demand,Metric,Indian Coal Production,1,80
Electricity Demand,Metric,Global Lng Supply 2024,1,80
Electricity Demand,Metric,Global Lng Supply 2030,1,80
Electricity Demand,Metric,Energy Supply Security,1,80
Electricity Demand,Metric,Global Gas Consumption,1,80
Electricity Demand,Metric,50% Renewables By 2030,1,80
Electricity Demand,Metric,Natural Gas Deliveries,1,80
Electricity Demand,Metric,Oil-Indexed Lng Prices,1,80
Electricity Demand,Metric,Crude Oil Capacity 2024,1,80
Electricity Demand,Metric,Crude Oil Capacity 2030,1,80
Electricity Demand,Metric,Chinese Oil Consumption,1,80
Electricity Demand,Metric,Oil Production Capacity,1,80
Electricity Demand,Metric,Installed Coal Capacity,1,80
Electricity Demand,Metric,Refined Product Deficit,1,80
Electricity Demand,Metric,Refined Product Surplus,1,80
Electricity Demand,Metric,India Refining Capacity,1,80
Electricity Demand,Metric,China Refining Capacity,1,80
Electricity Demand,Metric,Firm Renewable Capacity,1,80
Electricity Demand,Metric,Basin Refining Capacity,1,80
Electricity Demand,Metric,Capacity Additions 2026,1,80
Electricity Demand,Metric,Biofuel Demand In India,1,80
Electricity Demand,Metric,Net Imports Of Biofuels,1,80
Electricity Demand,Metric,High Electricity Prices,1,80
Electricity Demand,Metric,Co2 Emissions From Heat,1,80
Electricity Demand,Metric,Onshore Wind Deployment,1,80
Electricity Demand,Metric,Global Supply Situation,1,80
Electricity Demand,Metric,Retailelectricityprices,1,80
Electricity Demand,Metric,Ghg Intensity Reduction,1,80
Electricity Demand,Metric,Renewable Energy Demand,1,80
Electricity Demand,Metric,Renewable Diesel Demand,1,80
Electricity Demand,Metric,Electricity Prices 2019,1,80
Electricity Demand,Metric,Electricity Prices 2022,1,80
Electricity Demand,Metric,European Naphtha Demand,1,80
Electricity Demand,Metric,Energy And Supply Costs,1,80
Electricity Demand,Metric,Wholesale Price Signals,1,80
Electricity Demand,Metric,Lng Contracts 2025-2030,1,80
Electricity Demand,Metric,Global Coal Consumption,1,80
Electricity Demand,Metric,Oil Demand Fundamentals,1,80
Electricity Demand,Metric,Electricity Demand 2023,1,80
Electricity Demand,Metric,Electricity Demand 2024,1,80
Electricity Demand,Metric,Electricity Demand 2025,1,80
Electricity Demand,Metric,Electricity Demand 2030,1,80
Electricity Demand,Metric,Renewable Capacity 2025,1,80
Electricity Demand,Metric,Renewable Capacity 2030,1,80
Electricity Demand,Metric,Coking Coal Consumption,1,80
Electricity Demand,Metric,Coal Demand Growth 2030,1,80
Electricity Demand,Metric,Lng Export Requirements,1,80
Electricity Demand,Metric,Global Lpg Demand Growth,1,80
Electricity Demand,Metric,Oecd Asia Oceania Demand,1,80
Electricity Demand,Metric,Lpg Consumption Increase,1,80
Electricity Demand,Metric,Domestic Gasoline Supply,1,80
Electricity Demand,Metric,Domestic Gasoline Demand,1,80
Electricity Demand,Metric,Uae Crude Oil Production,1,80
Electricity Demand,Metric,Libyan Oil Capacity 2025,1,80
Electricity Demand,Metric,Libyan Oil Capacity 2030,1,80
Electricity Demand,Metric,Mexican Crude Production,1,80
Electricity Demand,Metric,Average Coal Utilisation,1,80
Electricity Demand,Metric,Global Oil Demand Growth,1,80
Electricity Demand,Metric,European Gasoline Demand,1,80
Electricity Demand,Metric,Excess Refinery Capacity,1,80
Electricity Demand,Metric,Eu Transport Fuel Demand,1,80
Electricity Demand,Metric,Gasoline Demand In India,1,80
Electricity Demand,Metric,Ghg Intensity Reductions,1,80
Electricity Demand,Metric,Offshore Wind Deployment,1,80
Electricity Demand,Metric,Thermal Coal Consumption,1,80
Electricity Demand,Metric,Retail Electricity Price,1,80
Electricity Demand,Metric,Electricity Expenditures,1,80
Electricity Demand,Metric,Nuclear Power Share 2040,1,80
Electricity Demand,Metric,Nuclear Power Share 2023,1,80
Electricity Demand,Metric,Wholesale Prices In 2025,1,80
Electricity Demand,Metric,Carbon Dioxide Emissions,1,80
Electricity Demand,Metric,China Electricity Demand,1,80
Electricity Demand,Metric,India Electricity Demand,1,80
Electricity Demand,Metric,2030 Share Of Renewables,1,80
Electricity Demand,Metric,2025 Share Of Renewables,1,80
Electricity Demand,Metric,2030 Share Of Wind In Us,1,80
Electricity Demand,Metric,2025 Share Of Wind In Us,1,80
Electricity Demand,Metric,Greenhouse Gas Emissions,1,80
Electricity Demand,Metric,Lng Contracts 2022 Total,1,80
Electricity Demand,Metric,Gasoil Demand Per Capita,1,80
Electricity Demand,Metric,Global Road Fuels Demand,1,80
Electricity Demand,Metric,Power Sector Coal Demand,1,80
Electricity Demand,Metric,Asia Thermal Coal Demand,1,80
Electricity Demand,Metric,Us Ethane Production 2030,1,80
Electricity Demand,Metric,Crude Throughput Forecast,1,80
Electricity Demand,Metric,Annual Capacity Additions,1,80
Electricity Demand,Metric,Global Electricity Supply,1,80
Electricity Demand,Metric,Renewable Capacity Growth,1,80
Electricity Demand,Metric,Iraq Crude Oil Production,1,80
Electricity Demand,Metric,Venezuelan Crude Capacity,1,80
Electricity Demand,Metric,Crude Processing Capacity,1,80
Electricity Demand,Metric,Americas Crude Production,1,80
Electricity Demand,Metric,Global Renewable Fuel Use,1,80
Electricity Demand,Metric,Biofuel Feedstock Imports,1,80
Electricity Demand,Metric,Modern Renewables In Heat,1,80
Electricity Demand,Metric,Biofuel Use Forecast 2025,1,80
Electricity Demand,Metric,North American Oil Demand,1,80
Electricity Demand,Metric,Renewable Electricity Use,1,80
Electricity Demand,Metric,Solar Pv Growth 2026-2030,1,80
Electricity Demand,Metric,Rising Electricity Demand,1,80
Electricity Demand,Metric,Thermal Coal Demand India,1,80
Electricity Demand,Metric,Thermal Coal Demand China,1,80
Electricity Demand,Metric,Thermal Coal Imports 2025,1,80
Electricity Demand,Metric,Thermal Coal Exports 2025,1,80
Electricity Demand,Metric,Carbon Intensity Scrutiny,1,80
Electricity Demand,Metric,Coal Supply In China 2030,1,80
Electricity Demand,Metric,Coal Consumption In China,1,80
Electricity Demand,Metric,Ttf Natural Gas Volatility,1,80
Electricity Demand,Metric,Coal Use For Power In 2025,1,80
Electricity Demand,Metric,Oil Production Target 2027,1,80
Electricity Demand,Metric,Oil Production Target 2030,1,80
Electricity Demand,Metric,Opec+ Spare Crude Capacity,1,80
Electricity Demand,Metric,Refinery Throughput (Mb/D),1,80
Electricity Demand,Metric,Ghg Intensity Improvements,1,80
Electricity Demand,Metric,Eu Transport Energy Demand,1,80
Electricity Demand,Metric,Biomethane Production 2030,1,80
Electricity Demand,Metric,Carbon Intensity Reduction,1,80
Electricity Demand,Metric,Biodiesel Feedstock Demand,1,80
Electricity Demand,Metric,Share Of Modern Renewables,1,80
Electricity Demand,Metric,Renewable Heat Consumption,1,80
Electricity Demand,Metric,Change In Coal Consumption,1,80
Electricity Demand,Metric,Gasoline And Diesel Demand,1,80
Electricity Demand,Metric,Non-Power Coal Consumption,1,80
Electricity Demand,Metric,Australian Coal Production,1,80
Electricity Demand,Metric,Electricity Prices H1 2025,1,80
Electricity Demand,Metric,Installed Solar Pv Systems,1,80
Electricity Demand,Metric,Coal Generation Share 2025,1,80
Electricity Demand,Metric,Planned Capacity Additions,1,80
Electricity Demand,Metric,Russian Electricity Demand,1,80
Electricity Demand,Metric,Metallurgical Coal Imports,1,80
Electricity Demand,Metric,Metallurgical Coal Exports,1,80
Electricity Demand,Metric,Global Power Demand Growth,1,80
Electricity Demand,Metric,Lng_Contracts_Pre-Fid_2025,1,80
Electricity Demand,Metric,Lng_Contracts_Pre-Fid_2024,1,80
Electricity Demand,Metric,Incremental Demand To 2030,1,80
Electricity Demand,Metric,Gasoline Demand Per Capita,1,80
Electricity Demand,Metric,Electricity Mix Share 2025,1,80
Electricity Demand,Metric,Coal-Fired Generation 2025,1,80
Electricity Demand,Metric,Total Non-Opec+ Oil Supply,1,80
Electricity Demand,Metric,Southeast Asian Oil Demand,1,80
Electricity Demand,Metric,Coal Consumption In Africa,1,80
Electricity Demand,Metric,Asia'S Thermal Coal Demand,1,80
Electricity Demand,Metric,Gas Price Environment 2024,1,80
Electricity Demand,Metric,Dry Natural Gas Production,1,80
Electricity Demand,Metric,Russian Piped Gas Supplies,1,80
Electricity Demand,Metric,Ttf Month-Ahead Volatility,1,80
Electricity Demand,Metric,Us Ethane Production Growth,1,80
Electricity Demand,Metric,Refining Capacity Additions,1,80
Electricity Demand,Metric,India 2030 Renewable Target,1,80
Electricity Demand,Metric,Renewable Capacity Addition,1,80
Electricity Demand,Metric,Renewable Electricity Share,1,80
Electricity Demand,Metric,Installed Refining Capacity,1,80
Electricity Demand,Metric,Refined Product Demand 2024,1,80
Electricity Demand,Metric,Refined Product Demand 2030,1,80
Electricity Demand,Metric,Fossil Jet Fuel Price China,1,80
Electricity Demand,Metric,50-85 Twh Biomethane Target,1,80
Electricity Demand,Metric,Traditional Biomass In Heat,1,80
Electricity Demand,Metric,Wind Manufacturing Capacity,1,80
Electricity Demand,Metric,Annual Wind Deployment 2030,1,80
Electricity Demand,Metric,Cell Manufacturing Capacity,1,80
Electricity Demand,Metric,Variable Renewable Capacity,1,80
Electricity Demand,Metric,Electricity Demand In China,1,80
Electricity Demand,Metric,Australian Coal Supply 2025,1,80
Electricity Demand,Metric,Renewable Energy Share 2040,1,80
Electricity Demand,Metric,Renewable Energy Share 2023,1,80
Electricity Demand,Metric,Electricity Prices In China,1,80
Electricity Demand,Metric,Electricity Prices In India,1,80
Electricity Demand,Metric,Congestion Management Costs,1,80
Electricity Demand,Metric,Non-Heavy Industries Demand,1,80
Electricity Demand,Metric,Electricity Demand In India,1,80
Electricity Demand,Metric,Installed Solar Pv Capacity,1,80
Electricity Demand,Metric,Currently Utilised Capacity,1,80
Electricity Demand,Metric,Lng Procurement Volume 2016,1,80
Electricity Demand,Metric,Lng Procurement Volume 2025,1,80
Electricity Demand,Metric,35 Bcm/Yr Biomethane Target,1,80
Electricity Demand,Metric,Lng_Contracts_Post-Fid_2024,1,80
Electricity Demand,Metric,Lng_Contracts_Post-Fid_2025,1,80
Electricity Demand,Metric,Gas Demand 2024-2030 Growth,1,80
Electricity Demand,Metric,Lng Contracts 2024 Post-Fid,1,80
Electricity Demand,Metric,Lng Contracts 2023 Post-Fid,1,80
Electricity Demand,Metric,Natural Gas Supply Security,1,80
Electricity Demand,Metric,Lng Demand Growth 2024-2030,1,80
Electricity Demand,Metric,Lng Export Growth Potential,1,80
Electricity Demand,Metric,Domestic Natural Gas Output,1,80
Electricity Demand,Metric,Us Ethane Export Volume 2030,1,80
Electricity Demand,Metric,Us Ethane Export Volume 2024,1,80
Electricity Demand,Metric,Oecd Asia Oceania Throughput,1,80
Electricity Demand,Metric,Renewable Capacity 2025-2030,1,80
Electricity Demand,Metric,Long-Term Security Of Supply,1,80
Electricity Demand,Metric,Bioenergy Forecast 2025-2030,1,80
Electricity Demand,Metric,Global Supply And Investment,1,80
Electricity Demand,Metric,Nigerian Oil Production 2024,1,80
Electricity Demand,Metric,Transport Energy Demand 2030,1,80
Electricity Demand,Metric,8% Ghg Intensity Cut By 2030,1,80
Electricity Demand,Metric,Fuel Carbon Intensity Ranges,1,80
Electricity Demand,Metric,Fossil Jet Fuel Price Europe,1,80
Electricity Demand,Metric,Methane Emissions Reductions,1,80
Electricity Demand,Metric,Renewable Energy Consumption,1,80
Electricity Demand,Metric,Global Heat Demand 2018-2024,1,80
Electricity Demand,Metric,Coal Demand In United States,1,80
Electricity Demand,Metric,Energy-Related Co2 Emissions,1,80
Electricity Demand,Metric,Fossil Fuel Price Volatility,1,80
Electricity Demand,Metric,Cells Manufacturing Capacity,1,80
Electricity Demand,Metric,Household Electricity Prices,1,80
Electricity Demand,Metric,Total Biofuel Demand In 2030,1,80
Electricity Demand,Metric,Coal Production In Indonesia,1,80
Electricity Demand,Metric,Ethanol And Biodiesel Demand,1,80
Electricity Demand,Metric,Electricity Prices In Europe,1,80
Electricity Demand,Metric,Natural Gas Price Volatility,1,80
Electricity Demand,Metric,Electricity Demand In Canada,1,80
Electricity Demand,Metric,Global Co2 Intensity Decline,1,80
Electricity Demand,Metric,2028 Share Of Solar Pv In Us,1,80
Electricity Demand,Metric,2030 Share Of Solar Pv In Us,1,80
Electricity Demand,Metric,2025 Share Of Solar Pv In Us,1,80
Electricity Demand,Metric,2025 Wholesale Demand Report,1,80
Electricity Demand,Metric,Natural Gas Consumption 2022,1,80
Electricity Demand,Metric,Electricity Demand Rising 7%,1,80
Electricity Demand,Metric,Natural Gas Consumption 2023,1,80
Electricity Demand,Metric,Natural Gas Consumption 2024,1,80
Electricity Demand,Metric,Natural Gas Consumption 2025,1,80
Electricity Demand,Metric,Natural Gas Consumption 2026,1,80
Electricity Demand,Metric,Us Exports Of Ethane And Lpg,1,80
Electricity Demand,Metric,Natural Gas Consumption 2027,1,80
Electricity Demand,Metric,Natural Gas Consumption 2028,1,80
Electricity Demand,Metric,Natural Gas Consumption 2029,1,80
Electricity Demand,Metric,Natural Gas Consumption 2030,1,80
Electricity Demand,Metric,Surplus Lng Supply 2024-2030,1,80
Electricity Demand,Metric,Electricity Demand In Russia,1,80
Electricity Demand,Metric,Renewable Power Capacity 2030,1,80
Electricity Demand,Metric,Opec+ Oil Production Capacity,1,80
Electricity Demand,Metric,Crude Oil Production Capacity,1,80
Electricity Demand,Metric,Annual Gasoline Demand Growth,1,80
Electricity Demand,Metric,China Refined Products Demand,1,80
Electricity Demand,Metric,Integrated Renewable Capacity,1,80
Electricity Demand,Metric,21% Ghg Intensity Cut By 2030,1,80
Electricity Demand,Metric,30% Ghg Intensity Cut By 2035,1,80
Electricity Demand,Metric,43% Ghg Intensity Cut By 2035,1,80
Electricity Demand,Metric,Saf Demand North America 2030,1,80
Electricity Demand,Metric,Biodiesel Demand For Shipping,1,80
Electricity Demand,Metric,Biodiesel Demand In Indonesia,1,80
Electricity Demand,Metric,Residential Electricity Price,1,80
Electricity Demand,Metric,Residential Electricity Bills,1,80
Electricity Demand,Metric,Residential Electricity Costs,1,80
Electricity Demand,Metric,Installed Coal-Fired Capacity,1,80
Electricity Demand,Metric,Nuclear Power Generation 2025,1,80
Electricity Demand,Metric,Global Power Sector Emissions,1,80
Electricity Demand,Metric,Thermal Coal Imports By China,1,80
Electricity Demand,Metric,Thermal Coal Imports By India,1,80
Electricity Demand,Metric,System-Wide Congestion Issues,1,80
Electricity Demand,Metric,Spare Oil Production Capacity,1,80
Electricity Demand,Metric,World Oil Production Capacity,1,80
Electricity Demand,Metric,Installed Generation Capacity,1,80
Electricity Demand,Metric,Asia Thermal Coal Demand 2024,1,80
Electricity Demand,Metric,Gas-To-Power Demand In Russia,1,80
Electricity Demand,Metric,Us Dry Natural Gas Production,1,80
Electricity Demand,Metric,Global Ethane Demand 2012-2030,1,80
Electricity Demand,Metric,Ethane Demand Growth 2024-2030,1,80
Electricity Demand,Metric,Ethane Demand In Uae 2024-2030,1,80
Electricity Demand,Metric,Global Tripling Target By 2030,1,80
Electricity Demand,Metric,European Oil Demand By Product,1,80
Electricity Demand,Metric,Middle Eastern Oil Consumption,1,80
Electricity Demand,Metric,East Of Suez Refining Capacity,1,80
Electricity Demand,Metric,Total Feedstock Demand In 2030,1,80
Electricity Demand,Metric,Modules Manufacturing Capacity,1,80
Electricity Demand,Metric,Residential Electricity Demand,1,80
Electricity Demand,Metric,Us Wholesale Electricity Costs,1,80
Electricity Demand,Metric,Coal Production Indonesia 2024,1,80
Electricity Demand,Metric,Electricity Consumption Growth,1,80
Electricity Demand,Metric,Electricity Demand Growth Rate,1,80
Electricity Demand,Metric,Seaborne Supply Of Coking Coal,1,80
Electricity Demand,Metric,Metallurgical Coal Consumption,1,80
Electricity Demand,Metric,Site’S Maximum Import Capacity,1,80
Electricity Demand,Metric,Maximum Export/Import Capacity,1,80
Electricity Demand,Metric,Lng_Liquefaction_Capacity_2030,1,80
Electricity Demand,Metric,Installed Biogas Capacity 2024,1,80
Electricity Demand,Metric,Gas Consumption 2030 Base Case,1,80
Electricity Demand,Metric,Gas Consumption 2030 High Case,1,80
Electricity Demand,Metric,East Of Suez Refinery Activity,1,80
Electricity Demand,Metric,Jet/Kerosene Demand Per Capita,1,80
Electricity Demand,Metric,Coal Demand Forecast 2025-2030,1,80
Electricity Demand,Metric,Global Refined Products Demand,1,80
Electricity Demand,Metric,Coal Demand In Türkiye In 2030,1,80
Electricity Demand,Metric,Global Natural Gas Consumption,1,80
Electricity Demand,Metric,Global Renewable Power Capacity,1,80
Electricity Demand,Metric,Ethane Storage Capacity Us 2024,1,80
Electricity Demand,Metric,2030 Renewable Capacity Targets,1,80
Electricity Demand,Metric,35% Share Of Renewables By 2030,1,80
Electricity Demand,Metric,New Coal-Fired Capacity H1 2025,1,80
Electricity Demand,Metric,Oil Consumption In Saudi Arabia,1,80
Electricity Demand,Metric,Gasoline Demand Net Of Biofuels,1,80
Electricity Demand,Metric,Renewable Transport Fuel Demand,1,80
Electricity Demand,Metric,Fossil Jet Fuel Price Singapore,1,80
Electricity Demand,Metric,Liquid Biofuel Feedstock Demand,1,80
Electricity Demand,Metric,Biofuel Demand In United States,1,80
Electricity Demand,Metric,Retail Electricity Price Change,1,80
Electricity Demand,Metric,Electricity Generation Mix 2030,1,80
Electricity Demand,Metric,Electricity Generation Mix 2028,1,80
Electricity Demand,Metric,Coal Production In South Africa,1,80
Electricity Demand,Metric,Oil Production In United States,1,80
Electricity Demand,Metric,Global Lng Supply Increase 2030,1,80
Electricity Demand,Metric,Electricity Generation Capacity,1,80
Electricity Demand,Metric,Liquefaction Capacity Additions,1,80
Electricity Demand,Metric,Industrial Gas Demand In Russia,1,80
Electricity Demand,Metric,Coal Demand In Viet Nam In 2025,1,80
Electricity Demand,Metric,Coal Demand In Viet Nam In 2030,1,80
Electricity Demand,Metric,Ghg Emissions Reduction Targets,1,80
Electricity Demand,Metric,Ethane Demand In Qatar 2024-2030,1,80
Electricity Demand,Metric,Ethane Demand In China 2024-2030,1,80
Electricity Demand,Metric,Ethane Demand In India 2024-2030,1,80
Electricity Demand,Metric,Renewable Energy Growth Forecast,1,80
Electricity Demand,Metric,Renewable Power Capacity In 2030,1,80
Electricity Demand,Metric,Global Renewable Capacity Growth,1,80
Electricity Demand,Metric,Provincial Coal Benchmark Prices,1,80
Electricity Demand,Metric,4% Annual Gasoline Demand Growth,1,80
Electricity Demand,Metric,Crude Processing Capacity Losses,1,80
Electricity Demand,Metric,Refined Product Demand Peak 2027,1,80
Electricity Demand,Metric,Solar Pv Module Us Import Shares,1,80
Electricity Demand,Metric,Solar Pv Supply Chain Investment,1,80
Electricity Demand,Metric,Pv Module Manufacturing Capacity,1,80
Electricity Demand,Metric,Electricity Demand In India 2025,1,80
Electricity Demand,Metric,Electricity Demand In India 2026,1,80
Electricity Demand,Metric,Electricity Demand In India 2030,1,80
Electricity Demand,Metric,Wind Generation Growth 2026-2030,1,80
Electricity Demand,Metric,Thermal Coal And Lignite Exports,1,80
Electricity Demand,Metric,Electricity Generation Emissions,1,80
Electricity Demand,Metric,Integration Costs For Renewables,1,80
Electricity Demand,Metric,Lng Procurement Volume 2020-2024,1,80
Electricity Demand,Metric,Power Sector Gas-To-Power Demand,1,80
Electricity Demand,Metric,Coal Demand For Power Generation,1,80
Electricity Demand,Metric,Electricity Demand In Egypt 2025,1,80
Electricity Demand,Metric,Electricity Demand In Egypt 2030,1,80
Electricity Demand,Metric,Global Lng Liquefaction Capacity,1,80
Electricity Demand,Metric,Renewables And Electricity Prices,1,80
Electricity Demand,Metric,Ethane Demand In Europe 2024-2030,1,80
Electricity Demand,Metric,Ethane Demand In Russia 2024-2030,1,80
Electricity Demand,Metric,Renewable Capacity Ambitions 2030,1,80
Electricity Demand,Metric,Bioenergy Capacity Additions 2024,1,80
Electricity Demand,Metric,Electricity Demand Growth To 2030,1,80
Electricity Demand,Metric,Non-Opec+ Asia Pacific Oil Supply,1,80
Electricity Demand,Metric,Refining Industry Excess Capacity,1,80
Electricity Demand,Metric,29% Renewable Energy Share Target,1,80
Electricity Demand,Metric,Maritime Biofuel Feedstock Demand,1,80
Electricity Demand,Metric,Vegetable Oil Production Capacity,1,80
Electricity Demand,Metric,Global Power Generation From Coal,1,80
Electricity Demand,Metric,Annual Change In Coal Consumption,1,80
Electricity Demand,Metric,Renewable Road Transport Forecast,1,80
Electricity Demand,Metric,Solar Pv Generation In India 2025,1,80
Electricity Demand,Metric,Electricity Prices For Households,1,80
Electricity Demand,Metric,Electricity Consumption 2026-2030,1,80
Electricity Demand,Metric,Electricity Generation In Ireland,1,80
Electricity Demand,Metric,Co2 Intensity Of The Power System,1,80
Electricity Demand,Metric,Negative Wholesale Pricing Trends,1,80
Electricity Demand,Metric,Electricity Demand Growth H1 2025,1,80
Electricity Demand,Metric,Electricity Demand Growth H2 2025,1,80
Electricity Demand,Metric,Coal Demand In The European Union,1,80
Electricity Demand,Metric,Coal Production Target 2030 India,1,80
Electricity Demand,Metric,Electricity Demand In Africa 2025,1,80
Electricity Demand,Metric,Ethane Storage Capacity China 2024,1,80
Electricity Demand,Metric,Ethane Storage Capacity China 2025,1,80
Electricity Demand,Metric,Variable Renewables Balancing Need,1,80
Electricity Demand,Metric,Global Electricity Generation 2024,1,80
Electricity Demand,Metric,Global Electricity Generation 2030,1,80
Electricity Demand,Metric,Middle East Oil Demand For Naphtha,1,80
Electricity Demand,Metric,Refining Capacity Growth 2024-2030,1,80
Electricity Demand,Metric,Coal Demand For Building Materials,1,80
Electricity Demand,Metric,29% Renewable Energy Share By 2030,1,80
Electricity Demand,Metric,Ghg Emissions Reduction 8% By 2024,1,80
Electricity Demand,Metric,44 Twh Biomethane Injection Target,1,80
Electricity Demand,Metric,Installed Coal-Fired Capacity 2024,1,80
Electricity Demand,Metric,Residential Retail Price (Usd/Kwh),1,80
Electricity Demand,Metric,Energy Consumption Per Unit Of Gdp,1,80
Electricity Demand,Metric,Japan Wholesale Electricity Prices,1,80
Electricity Demand,Metric,Solar Pv Output In Costa Rica 2025,1,80
Electricity Demand,Metric,Thermal Coal Exports From Colombia,1,80
Electricity Demand,Metric,Global Electricity Demand Forecast,1,80
Electricity Demand,Metric,Electricity Consumption Per Capita,1,80
Electricity Demand,Metric,Price Spread Mid-Cv Coal 2024-2025,1,80
Electricity Demand,Metric,Electricity Consumption In Ireland,1,80
Electricity Demand,Metric,Lng Sale Contract Volume 2016-2017,1,80
Electricity Demand,Metric,Coal Consumption In Indonesia 2025,1,80
Electricity Demand,Metric,New Lng Liquefaction Capacity 2030,1,80
Electricity Demand,Metric,Global Lng Demand Growth 2024-2030,1,80
Electricity Demand,Metric,Natural Gas Demand In Asia Pacific,1,80
Electricity Demand,Metric,Coal Demand In Philippines In 2030,1,80
Electricity Demand,Metric,Coal Demand In Philippines In 2025,1,80
Electricity Demand,Metric,Ethane Storage Capacity Canada 2024,1,80
Electricity Demand,Metric,Coal-Fired Generation Capacity 2030,1,80
Electricity Demand,Metric,Middle East Oil Demand For Gasoline,1,80
Electricity Demand,Metric,Non-Opec+ Latin American Oil Supply,1,80
Electricity Demand,Metric,Renewable Capacity Growth 2025-2030,1,80
Electricity Demand,Metric,National Diesel Demand In Indonesia,1,80
Electricity Demand,Metric,Fossil Jet Fuel Price North America,1,80
Electricity Demand,Metric,Eu 35-Bcm Biomethane Target By 2030,1,80
Electricity Demand,Metric,Total Biogas Output Projection 2030,1,80
Electricity Demand,Metric,Global Energy-Related Co2 Emissions,1,80
Electricity Demand,Metric,Global Buildings Sector Heat Demand,1,80
Electricity Demand,Metric,Hourly Wholesale Electricity Prices,1,80
Electricity Demand,Metric,Wind Turbine Manufacturing Capacity,1,80
Electricity Demand,Metric,Electricity Prices In United States,1,80
Electricity Demand,Metric,Electricity Demand Growth 2018-2025,1,80
Electricity Demand,Metric,Renewables Share In Generation 2025,1,80
Electricity Demand,Metric,Renewables Share In Generation 2030,1,80
Electricity Demand,Metric,Thermal Coal Exports From Australia,1,80
Electricity Demand,Metric,Thermal Coal Exports From Indonesia,1,80
Electricity Demand,Metric,Thermal Coal And Lignite Production,1,80
Electricity Demand,Metric,Global Co2 Intensity Of Electricity,1,80
Electricity Demand,Metric,Wholesale Electricity Price 2025 Eu,1,80
Electricity Demand,Metric,Wholesale Electricity Price Signals,1,80
Electricity Demand,Metric,Lng Sale Contract Volume Since 2022,1,80
Electricity Demand,Metric,Coal Consumption In Asean Countries,1,80
Electricity Demand,Metric,Coal Consumption In Türkiye In 2024,1,80
Electricity Demand,Metric,Coal Consumption In Türkiye In 2025,1,80
Electricity Demand,Metric,Electricity Consumption Growth 2025,1,80
Electricity Demand,Metric,Growing Domestic Natural Gas Demand,1,80
Electricity Demand,Metric,Global Renewable Power Capacity 2030,1,80
Electricity Demand,Metric,Residential Solar Capacity Additions,1,80
Electricity Demand,Metric,14.5% Ghg Intensity Reduction Target,1,80
Electricity Demand,Metric,0.4 Ej Renewable Fuel Demand By 2030,1,80
Electricity Demand,Metric,Offshore Wind Manufacturing Capacity,1,80
Electricity Demand,Metric,Solar Pv Installations Outside China,1,80
Electricity Demand,Metric,Pv Modules Imported By United States,1,80
Electricity Demand,Metric,Coal Supply Increase First Half 2025,1,80
Electricity Demand,Metric,Geothermal Output In Costa Rica 2025,1,80
Electricity Demand,Metric,Hydropower Output In Costa Rica 2025,1,80
Electricity Demand,Metric,Thermal Coal And Lignite Consumption,1,80
Electricity Demand,Metric,Coal Production Outside South Africa,1,80
Electricity Demand,Metric,Biomethane Share In Natural Gas 2034,1,80
Electricity Demand,Metric,Biomethane Share In Natural Gas 2026,1,80
Electricity Demand,Metric,Coal-Fired Power Generation Capacity,1,80
Electricity Demand,Metric,Lng Contracts 2024 Including Pre-Fid,1,80
Electricity Demand,Metric,Global Renewable Electricity Capacity,1,80
Electricity Demand,Metric,Renewable Capacity Ambitions For 2030,1,80
Electricity Demand,Metric,Middle East Oil Demand For Lpg/Ethane,1,80
Electricity Demand,Metric,14.5% Ghg Intensity Reduction By 2030,1,80
Electricity Demand,Metric,Global Heat Demand Increase 2018-2024,1,80
Electricity Demand,Metric,Pv Module Installations Outside China,1,80
Electricity Demand,Metric,Negative Wholesale Electricity Prices,1,80
Electricity Demand,Metric,Peak Load Growth 2025-2030 Costa Rica,1,80
Electricity Demand,Metric,Renewable Generation Growth 2026-2030,1,80
Electricity Demand,Metric,Electricity Demand In Costa Rica 2025,1,80
Electricity Demand,Metric,Annual Electricity Consumption Growth,1,80
Electricity Demand,Metric,Emissions From Electricity Generation,1,80
Electricity Demand,Metric,South African Coal Production In 2030,1,80
Electricity Demand,Metric,Residential And Commercial Gas Demand,1,80
Electricity Demand,Metric,Renewable Energy Share Of Electricity,1,80
Electricity Demand,Metric,Electricity Demand Growth 2025 Israel,1,80
Electricity Demand,Metric,Natural Gas Domestic Demand In Russia,1,80
Electricity Demand,Metric,Ethane Demand In Middle East 2024-2030,1,80
Electricity Demand,Metric,Global Renewable Power Capacity Growth,1,80
Electricity Demand,Metric,Renewable Fuel Carbon Intensity Ranges,1,80
Electricity Demand,Metric,Us Industrial Retail Electricity Price,1,80
Electricity Demand,Metric,Eu Industrial Retail Electricity Price,1,80
Electricity Demand,Metric,Energy-Related Co2 Emissions From Heat,1,80
Electricity Demand,Metric,Manufacturing Capacity Utilisation (%),1,80
Electricity Demand,Metric,Global Imports Of Coal And Gas In 2023,1,80
Electricity Demand,Metric,Pv Supply Chain Manufacturing Capacity,1,80
Electricity Demand,Metric,Wholesale Electricity Prices 2022-2023,1,80
Electricity Demand,Metric,Energy Component Of Residential Prices,1,80
Electricity Demand,Metric,Solar Pv Module Manufacturing Capacity,1,80
Electricity Demand,Metric,Electricity Demand Growth 0.5% In 2025,1,80
Electricity Demand,Metric,Wind Electricity Generation In Ireland,1,80
Electricity Demand,Metric,Additional Capacity Under Construction,1,80
Electricity Demand,Metric,Emission Intensity Of Power Generation,1,80
Electricity Demand,Metric,Electricity Demand In Colombia In 2025,1,80
Electricity Demand,Metric,Thermal Coal Exports From South Africa,1,80
Electricity Demand,Metric,Domestic Thermal Coal Production India,1,80
Electricity Demand,Metric,Domestic Thermal Coal Production China,1,80
Electricity Demand,Metric,Installed Solar Pv Capacity In Ireland,1,80
Electricity Demand,Metric,Coal-Fired Power Generation Change 2025,1,80
Electricity Demand,Metric,Total World Refining Capacity Additions,1,80
Electricity Demand,Metric,Ethane Demand In Saudi Arabia 2024-2030,1,80
Electricity Demand,Metric,Renewable Energy Integration Challenges,1,80
Electricity Demand,Metric,Installed Renewable Power Capacity 2030,1,80
Electricity Demand,Metric,Total Coal Consumption In India In 2025,1,80
Electricity Demand,Metric,Global Pv Module Manufacturing Capacity,1,80
Electricity Demand,Metric,Non-Power Steam Coal And Lignite Demand,1,80
Electricity Demand,Metric,Renewable Share Of Transport Energy Use,1,80
Electricity Demand,Metric,Renewable Electricity Share Target 2030,1,80
Electricity Demand,Metric,Renewable Generation Record Levels 2025,1,80
Electricity Demand,Metric,Solar Pv Generation In Colombia In 2025,1,80
Electricity Demand,Metric,Thermal Coal Imports By Japan And Korea,1,80
Electricity Demand,Metric,Co2 Intensity Of Electricity Generation,1,80
Electricity Demand,Metric,Share Of Renewables In Power Generation,1,80
Electricity Demand,Metric,Total World Upgrading Capacity Additions,1,80
Electricity Demand,Metric,Renewable Fuel Demand In Shipping Sector,1,80
Electricity Demand,Metric,2.5-3.5 Ej Renewable Fuel Demand By 2035,1,80
Electricity Demand,Metric,Government 2030 Target For Biogas Output,1,80
Electricity Demand,Metric,Residential Electricity Price Eu H1 2025,1,80
Electricity Demand,Metric,Residential Electricity Price Us H1 2025,1,80
Electricity Demand,Metric,Higher Renewables And Storage Capacities,1,80
Electricity Demand,Metric,Gas-Fired Generation In Colombia In 2025,1,80
Electricity Demand,Metric,Wholesale Electricity Prices 2027 France,1,80
Electricity Demand,Metric,Wholesale Electricity Prices 2026 France,1,80
Electricity Demand,Metric,Electricity Demand In Advanced Economies,1,80
Electricity Demand,Metric,Installed Solar Pv Capacity In Australia,1,80
Electricity Demand,Metric,Wholesale Electricity Price 2025 Germany,1,80
Electricity Demand,Metric,Wholesale Electricity Prices 2025 France,1,80
Electricity Demand,Metric,National And Corporate Emissions Targets,1,80
Electricity Demand,Metric,Lng Liquefaction Capacity Fids 2015-2025,1,80
Electricity Demand,Metric,Electricity Demand Change In Russia 2025,1,80
Electricity Demand,Metric,Electricity Demand Growth In Russia 2024,1,80
Electricity Demand,Metric,Renewable Electricity Additions 2025-2030,1,80
Electricity Demand,Metric,14% Renewable Energy In Transport By 2030,1,80
Electricity Demand,Metric,Japan Industrial Retail Electricity Price,1,80
Electricity Demand,Metric,China Industrial Retail Electricity Price,1,80
Electricity Demand,Metric,Heat Demand Met By Modern Renewables 2024,1,80
Electricity Demand,Metric,Offshore Wind Manufacturing Capacity 2024,1,80
Electricity Demand,Metric,5 Gw Wind Turbine Exports From China 2024,1,80
Electricity Demand,Metric,Wholesale Electricity Prices 2026 Nordics,1,80
Electricity Demand,Metric,Wholesale Electricity Prices 2027 Nordics,1,80
Electricity Demand,Metric,Hydropower Generation In Colombia In 2025,1,80
Electricity Demand,Metric,Hydro Output Increase In Colombia In 2025,1,80
Electricity Demand,Metric,Coal-Fired Generation In Colombia In 2025,1,80
Electricity Demand,Metric,Wind Generation Output In Costa Rica 2025,1,80
Electricity Demand,Metric,Average Wholesale Electricity Prices 2025,1,80
Electricity Demand,Metric,Non-Fossil Installed Capacity Target 2030,1,80
Electricity Demand,Metric,Co2 Emissions From Electricity Generation,1,80
Electricity Demand,Metric,Wholesale Electricity Prices 2025 Nordics,1,80
Electricity Demand,Metric,Electricity Demand Growth In Eurasia 2025,1,80
Electricity Demand,Metric,Electricity Demand Growth In Eurasia 2024,1,80
Electricity Demand,Metric,Refining Capacity Additions And Expansions,1,80
Electricity Demand,Metric,Global Annual Renewable Capacity Additions,1,80
Electricity Demand,Metric,Renewable Energy Growth Forecast 2025-2030,1,80
Electricity Demand,Metric,Renewable Energy Capacity Growth 2025-2030,1,80
Electricity Demand,Metric,Annual Installations Offshore Segment 2024,1,80
Electricity Demand,Metric,Renewable Energy Demand For Road Transport,1,80
Electricity Demand,Metric,Average Utilisation Of Coal-Fired Capacity,1,80
Electricity Demand,Metric,Natural Gas Price Tax Component Eu H1 2025,1,80
Electricity Demand,Metric,Electricity Price Tax Component Eu H1 2025,1,80
Electricity Demand,Metric,Government Revenues From Coal Exports 2025,1,80
Electricity Demand,Metric,Coal Production In Other African Countries,1,80
Electricity Demand,Metric,Solar Pv Electricity Generation In Ireland,1,80
Electricity Demand,Metric,Renewable Natural Gas Output Forecast 2030,1,80
Electricity Demand,Metric,Electricity Demand Growth Africa 2026-2030,1,80
Electricity Demand,Metric,Conventional Hydropower Additions 2025-2030,1,80
Electricity Demand,Metric,Renewable Share In Final Energy Consumption,1,80
Electricity Demand,Metric,Coal-Fired Capacity In India In August 2025,1,80
Electricity Demand,Metric,Renewable Electricity Generation In Ireland,1,80
Electricity Demand,Metric,Reservoir Capacity In Colombia In July 2025,1,80
Electricity Demand,Metric,Non-Fossil Installed Capacity December 2025,1,80
Electricity Demand,Metric,Wholesale Electricity Price 2026 Eu Futures,1,80
Electricity Demand,Metric,Wholesale Electricity Price 2027 Eu Futures,1,80
Electricity Demand,Metric,Gas-Fired Electricity Generation In Ireland,1,80
Electricity Demand,Metric,Global Renewable Electricity Generation 2030,1,80
Electricity Demand,Metric,Offshore Wind Capacity Projections 2025-2030,1,80
Electricity Demand,Metric,Installed Capacity Of Renewable Energy Plant,1,80
Electricity Demand,Metric,Manufacturing Capacity Offshore Segment 2024,1,80
Electricity Demand,Metric,Energy Component Of Retail Electricity Price,1,80
Electricity Demand,Metric,Commercial And Industrial Electricity Demand,1,80
Electricity Demand,Metric,Negative Hourly Wholesale Electricity Prices,1,80
Electricity Demand,Metric,Thermal Coal Demand In Other Asian Countries,1,80
Electricity Demand,Metric,Global Emissions From Electricity Generation,1,80
Electricity Demand,Metric,Electricity Consumption In South Africa 2025,1,80
Electricity Demand,Metric,Pumped-Storage Hydropower (Psh) Capacity 2030,1,80
Electricity Demand,Metric,Total Coal Consumption For Non-Power Purposes,1,80
Electricity Demand,Metric,Electricity-To-Gas Price Ratio Elsewhere 2024,1,80
Electricity Demand,Metric,Solar Pv Manufacturing Capacity Outside China,1,80
Electricity Demand,Metric,Natural Gas Price Tax Component Spain H1 2025,1,80
Electricity Demand,Metric,Electricity Price Tax Component Spain H1 2025,1,80
Electricity Demand,Metric,Coal Demand In Other European Markets In 2030,1,80
Electricity Demand,Metric,Electricity Demand Growth In Russia 2026-2030,1,80
Electricity Demand,Metric,Renewable Power Generation Capacity Additions,1,80
Electricity Demand,Metric,Nigerian Crude Oil Capacity Forecast 2024-2030,1,80
Electricity Demand,Metric,Refining Capacity Growth Middle East 2025-2030,1,80
Electricity Demand,Metric,Pv Module Manufacturing Capacity Outside China,1,80
Electricity Demand,Metric,Total Transport Energy Demand In United States,1,80
Electricity Demand,Metric,Renewable Electricity Generation In India 2025,1,80
Electricity Demand,Metric,Oil-Fired Generation Output In Costa Rica 2025,1,80
Electricity Demand,Metric,Electricity Demand Growth 2025-2030 Costa Rica,1,80
Electricity Demand,Metric,Electricity Demand Growth In Eurasia 2026-2030,1,80
Electricity Demand,Metric,Global Renewable Electricity Capacity Ambitions,1,80
Electricity Demand,Metric,Global Renewable Electricity Capacity Additions,1,80
Electricity Demand,Metric,Greenhouse Gas Emissions Reduction Targets 2025,1,80
Electricity Demand,Metric,Greenhouse Gas Emissions Reduction Targets 2030,1,80
Electricity Demand,Metric,4% Global Renewable Heating Demand In Buildings,1,80
Electricity Demand,Metric,Renewable Energy Demand For Transport In Brazil,1,80
Electricity Demand,Metric,Electricity Price Tax Component Germany H1 2025,1,80
Electricity Demand,Metric,Natural Gas Price Tax Component Germany H1 2025,1,80
Electricity Demand,Metric,Australian Average Wholesale Electricity Prices,1,80
Electricity Demand,Metric,Solar Pv Installed Capacity In Colombia In 2025,1,80
Electricity Demand,Metric,Wholesale Electricity Prices 2025 United States,1,80
Electricity Demand,Metric,Heat Demand Met By Traditional Biomass 2018-2024,1,80
Electricity Demand,Metric,Global Silicon Demand For Solar Pv Manufacturing,1,80
Electricity Demand,Metric,Wholesale Price 2023-2024 And First Half Of 2025,1,80
Electricity Demand,Metric,Wholesale Electricity Prices 2027 United Kingdom,1,80
Electricity Demand,Metric,Wholesale Electricity Prices 2026 United Kingdom,1,80
Electricity Demand,Metric,Wholesale Electricity Price 2026 Germany Futures,1,80
Electricity Demand,Metric,Wholesale Electricity Price 2027 Germany Futures,1,80
Electricity Demand,Metric,Wholesale Electricity Prices 2025 United Kingdom,1,80
Electricity Demand,Metric,Biogas Production Capacity Growth Rate 2018-2024,1,80
Electricity Demand,Metric,Pumped-Storage Hydropower (Psh) Forecast Increase,1,80
Electricity Demand,Metric,Biogas And Biomethane Production Growth 2025-2030,1,80
Electricity Demand,Metric,Renewable Energy Share In Transport Sector Demand,1,80
Electricity Demand,Metric,Renewable Energy Share In Heating And Cooling 2030,1,80
Electricity Demand,Metric,Offshore Wind Deployment Acceleration Towards 2030,1,80
Electricity Demand,Metric,Renewable Energy Use In Transport In United States,1,80
Electricity Demand,Metric,Renewable Electricity Share In Transport In Europe,1,80
Electricity Demand,Metric,Thermal Coal Consumption For Power And Heat In 2025,1,80
Electricity Demand,Metric,Renewable Electricity Generation Capacity Additions,1,80
Electricity Demand,Metric,Average Power Capacity Of Proposed Projects In 2030,1,80
Electricity Demand,Metric,Electricity Supply Reliability In South Africa 2025,1,80
Electricity Demand,Metric,Conventional Hydropower Capacity Additions 2023-2024,1,80
Electricity Demand,Metric,Cumulative Onshore Wind Capacity Additions 2025-2030,1,80
Electricity Demand,Metric,Electricity-To-Gas Price Ratio In United States 2024,1,80
Electricity Demand,Metric,10% Total Global Consumption Of Coal And Gas In 2023,1,80
Electricity Demand,Metric,Renewable Energy Demand For Road Transport In Europe,1,80
Electricity Demand,Metric,Average Power Capacity Of Projects Under Construction,1,80
Electricity Demand,Metric,Natural Gas Use In Residential And Commercial Sectors,1,80
Electricity Demand,Metric,Coal Consumption For Power Generation In India In 2025,1,80
Electricity Demand,Metric,Electricity Demand Growth Over 2.5% Annually 2026-2030,1,80
Electricity Demand,Metric,Coal-Fired Power Generation Output In Viet Nam In 2025,1,80
Electricity Demand,Metric,Renewable Electricity Consumption For Electric Vehicles,1,80
Electricity Demand,Metric,Energy Component Electricity Price Nordic Countries 2024,1,80
Electricity Demand,Metric,Natural Gas Demand In Residential And Commercial Sectors,1,80
Electricity Demand,Metric,Electricity Generation Share Of Renewables In Egypt 2030,1,80
Electricity Demand,Metric,Electricity Generation Share Of Renewables In Egypt 2025,1,80
Electricity Demand,Metric,Fossil-Fired Power Generation Share In Eurasia 2026-2030,1,80
Electricity Demand,Metric,Electricity Generation Share Of Natural Gas In Egypt 2030,1,80
Electricity Demand,Metric,Electricity Generation Share Of Natural Gas In Egypt 2025,1,80
Electricity Demand,Metric,Renewable Energy Capacity In Asia Pacific (Excluding China),1,80
Electricity Demand,Metric,Installed Power Generation Capacity In India In August 2025,1,80
Electricity Demand,Metric,Pumped-Storage Hydropower (Psh) Capacity Additions 2023-2024,1,80
Electricity Demand,Metric,Chinese Demand For Seaborne Thermal Coal From Indonesia 2024,1,80
Electricity Demand,Metric,Offshore Wind Turbines Exported By Chinese Manufacturers 2024,1,80
Electricity Demand,Metric,Global Pv Module Manufacturing Capacity Outside United States,1,80
Electricity Demand,Metric,Opec+ Spare Crude Capacity Excluding Iran Venezuela And Russia,1,80
Electricity Demand,Metric,Household Electricity Price Increase In United States 2019-2024,1,80
Electricity Demand,Metric,Captive Coal-Fired Power Plants Capacity In India In August 2025,1,80
Electricity Demand,Metric,Household Electricity Price Increase In European Union 2019-2024,1,80
Electricity Demand,Metric,Electricity Exports From Non-Thermal Sources In Colombia In 2025,1,80
Electricity Demand,Metric,Incremental Liquefaction Capacity Expected To Come Online By 2030,1,80
Electricity Demand,Metric,Solar Pv And Wind Equipment Manufacturing Supply Chain Concentrations,1,80
Industry,Sector,Power Sector,35,50
Industry,Sector,Industrial Sector,21,50
Industry,Sector,Industry Sector,15,50
Industry,Sector,Residential Sector,13,50
Industry,Sector,Consumers,11,50
Industry,Sector,Commercial Sector,11,50
Industry,Sector,Energy Sector,7,50
Industry,Sector,Residential,6,50
Industry,Sector,Residential And Commercial,6,50
Industry,Sector,Heavy Industry,5,50
Industry,Sector,Energy-Intensive Industries,5,50
Industry,Sector,Energy Own Use,4,50
Industry,Sector,Service Sector,4,50
Industry,Sector,Power Generation Sector,4,50
Industry,Sector,Residential And Commercial Sector,4,50
Industry,Sector,Heating Sector,3,50
Industry,Sector,Services Sector,3,50
Industry,Sector,Electricity Sector,3,50
Industry,Sector,Sectors,2,50
Industry,Sector,Wind Industry,2,50
Industry,Sector,Wind Manufacturers,2,50
Industry,Sector,Energy Sector Own Use,2,50
Industry,Sector,Gas-Intensive Industry,2,50
Industry,Sector,Wind Turbine Manufacturing,2,50
Industry,Sector,Sector,1,50
Industry,Sector,Consumer,1,50
Industry,Sector,Industries,1,50
Industry,Sector,Wind Sector,1,50
Industry,Sector,Heat Sector,1,50
Industry,Sector,Power_Sector,1,50
Industry,Sector,Wind Companies,1,50
Industry,Sector,Renewables Sector,1,50
Industry,Sector,Residential Users,1,50
Industry,Sector,Industry And Other,1,50
Industry,Sector,Commercial Sectors,1,50
Industry,Sector,Oil And Gas Sector,1,50
Industry,Sector,Industrial Sectors,1,50
Industry,Sector,Domestic Power Sector,1,50
Industry,Sector,Residential Consumers,1,50
Industry,Sector,Residential Customers,1,50
Industry,Sector,Heavy Industry Sectors,1,50
Industry,Sector,Fuel-Intensive Sectors,1,50
Industry,Sector,Offshore Wind Companies,1,50
Industry,Sector,Residential Consumption,1,50
Industry,Sector,Energy-Intensive Sectors,1,50
Industry,Sector,Offshore Wind Developers,1,50
Industry,Sector,Gas-Intensive Industries,1,50
Industry,Sector,Residential & Commercial,1,50
Industry,Sector,Energy Own Use And Other,1,50
Industry,Sector,Residentialandcommercial,1,50
Industry,Sector,Industries And Businesses,1,50
Industry,Sector,Industry And Energy Sector,1,50
Industry,Sector,German Wind Energy Industry,1,50
Industry,Sector,Wind Manufacturing Companies,1,50
Industry,Sector,European Wind Energy Industry,1,50
Industry,Sector,Wind Integrated Manufacturing,1,50
Industry,Sector,Wind Industry Outside Of China,1,50
Industry,Sector,Electricity-Intensive Industries,1,50
Industry,Sector,Residential And Commercial Sectors,1,50
Industry,Sector,Onshore Wind Manufacturers In China,1,50
Industry,Sector,Chinese Wind Component Manufacturers,1,50
Industry,Sector,Onshore Wind Manufacturing Supply Chains,1,50
Industry,Sector,Onshore Wind Manufacturing Base In Europe,1,50
Industry,Sector,Energy-Intensive Industrial Companies In Germany,1,50
Industry,Sector,Wind Component Manufacturing Industry Outside Of China,1,50
Solar Pv,Energysource,Renewables,111,186
Solar Pv,Energysource,Biodiesel,41,186
Solar Pv,Energysource,Renewable Electricity,37,186
Solar Pv,Energysource,Coal-Fired Generation,37,186
Solar Pv,Energysource,Onshore Wind,36,186
Solar Pv,Energysource,Diesel,31,186
Solar Pv,Energysource,Offshore Wind,28,186
Solar Pv,Energysource,Renewable Diesel,28,186
Solar Pv,Energysource,Gas-Fired Generation,24,186
Solar Pv,Energysource,Biofuels,23,186
Solar Pv,Energysource,Renewable Energy,22,186
Solar Pv,Energysource,Variable Renewable Energy,22,186
Solar Pv,Energysource,Wind Power,20,186
Solar Pv,Energysource,Wind Generation,20,186
Solar Pv,Energysource,Utility-Scale Solar Pv,19,186
Solar Pv,Energysource,Petrochemical Feedstocks,18,186
Solar Pv,Energysource,Solar Pv Generation,15,186
Solar Pv,Energysource,Distributed Solar Pv,15,186
Solar Pv,Energysource,Biojet Fuel,14,186
Solar Pv,Energysource,Coal-Fired Power Generation,12,186
Solar Pv,Energysource,Wind Energy,11,186
Solar Pv,Energysource,Renewable Energy Sources,11,186
Solar Pv,Energysource,Solar,10,186
Solar Pv,Energysource,Renewable Generation,10,186
Solar Pv,Energysource,Fossil Fuels,9,186
Solar Pv,Energysource,Modern Bioenergy,9,186
Solar Pv,Energysource,Natural Gas-Fired Generation,9,186
Solar Pv,Energysource,Renewable Electricity Generation,9,186
Solar Pv,Energysource,Distributed Pv,8,186
Solar Pv,Energysource,Vegetable Oils,8,186
Solar Pv,Energysource,Global Biofuels,8,186
Solar Pv,Energysource,Variable Renewables,8,186
Solar Pv,Energysource,Renewable Power Generation,8,186
Solar Pv,Energysource,Coal Production,7,186
Solar Pv,Energysource,Hydrogen-Based Fuels,7,186
Solar Pv,Energysource,Other Non-Renewables,7,186
Solar Pv,Energysource,Waste And Residue Oils,7,186
Solar Pv,Energysource,Utility-Scale Batteries,7,186
Solar Pv,Energysource,Renewable Heat,6,186
Solar Pv,Energysource,Transport Fuels,6,186
Solar Pv,Energysource,Liquid Biofuels,6,186
Solar Pv,Energysource,Oil-Fired Generation,6,186
Solar Pv,Energysource,Fossil-Fired Generation,6,186
Solar Pv,Energysource,Feedstocks,5,186
Solar Pv,Energysource,Low-Emissions Gases,5,186
Solar Pv,Energysource,Low-Emissions Hydrogen,5,186
Solar Pv,Energysource,Variable Renewable Energy (Vre),5,186
Solar Pv,Energysource,Solar Energy,4,186
Solar Pv,Energysource,Gas-Fired Power,4,186
Solar Pv,Energysource,Low-Carbon Fuels,4,186
Solar Pv,Energysource,Gas-Fired Output,4,186
Solar Pv,Energysource,Utility-Scale Pv,4,186
Solar Pv,Energysource,Renewable Output,4,186
Solar Pv,Energysource,Solar Generation,4,186
Solar Pv,Energysource,Coal-Fired Plants,4,186
Solar Pv,Energysource,Coal-Fired Output,4,186
Solar Pv,Energysource,Renewable Capacity,4,186
Solar Pv,Energysource,Fossil Fuel Imports,4,186
Solar Pv,Energysource,Residential Solar Pv,4,186
Solar Pv,Energysource,Low-Emissions Sources,4,186
Solar Pv,Energysource,Gas-Fired Power Plants,4,186
Solar Pv,Energysource,Gas-Fired Power Generation,4,186
Solar Pv,Energysource,Vegetable Oil,3,186
Solar Pv,Energysource,Commercial Pv,3,186
Solar Pv,Energysource,Green Hydrogen,3,186
Solar Pv,Energysource,Oil-Fired Power,3,186
Solar Pv,Energysource,Coal-Fired Power,3,186
Solar Pv,Energysource,Rooftop Solar Pv,3,186
Solar Pv,Energysource,Other Renewables,3,186
Solar Pv,Energysource,Oil-Fired Output,3,186
Solar Pv,Energysource,Wind And Solar Pv,3,186
Solar Pv,Energysource,Modern Renewables,3,186
Solar Pv,Energysource,Domestic Feedstocks,3,186
Solar Pv,Energysource,Thermal Power Plants,3,186
Solar Pv,Energysource,Clean Energy Sources,3,186
Solar Pv,Energysource,Biomass-Based Diesel,3,186
Solar Pv,Energysource,Wind Power Generation,3,186
Solar Pv,Energysource,Fuel,2,186
Solar Pv,Energysource,Fuels,2,186
Solar Pv,Energysource,Road Fuels,2,186
Solar Pv,Energysource,Rooftop Pv,2,186
Solar Pv,Energysource,Fossil Fuel,2,186
Solar Pv,Energysource,Diesel Fuel,2,186
Solar Pv,Energysource,Solar Power,2,186
Solar Pv,Energysource,Wind Onshore,2,186
Solar Pv,Energysource,Road Biofuels,2,186
Solar Pv,Energysource,Renewablepower,2,186
Solar Pv,Energysource,Solar Capacity,2,186
Solar Pv,Energysource,Solar Pv Plants,2,186
Solar Pv,Energysource,Renewable Fuels,2,186
Solar Pv,Energysource,Coal Generation,2,186
Solar Pv,Energysource,Wind Electricity,2,186
Solar Pv,Energysource,Feedstock Imports,2,186
Solar Pv,Energysource,Coal Power Plants,2,186
Solar Pv,Energysource,Renewable Sources,2,186
Solar Pv,Energysource,Renewable Hydrogen,2,186
Solar Pv,Energysource,Commercial Solar Pv,2,186
Solar Pv,Energysource,Low-Emissions Fuels,2,186
Solar Pv,Energysource,Imported Feedstocks,2,186
Solar Pv,Energysource,Biogenic Feedstocks,2,186
Solar Pv,Energysource,Solar Pv Electricity,2,186
Solar Pv,Energysource,Imported Fossil Fuels,2,186
Solar Pv,Energysource,Modern Renewable Heat,2,186
Solar Pv,Energysource,Coal Power Generation,2,186
Solar Pv,Energysource,Imported Oil Products,2,186
Solar Pv,Energysource,Renewable Power Plants,2,186
Solar Pv,Energysource,Distributed Generation,2,186
Solar Pv,Energysource,Non-Renewable Generation,2,186
Solar Pv,Energysource,Renewable Generation Capacity,2,186
Solar Pv,Energysource,Fossil-Fired Thermal Generation,2,186
Solar Pv,Energysource,Oil-Fired Electricity Generation,2,186
Solar Pv,Energysource,Fischer-Tropsch Renewable Diesel,2,186
Solar Pv,Energysource,Hydrogen And Hydrogen-Based Fuels,2,186
Solar Pv,Energysource,Renewable Fuels Of Non-Biological Origin,2,186
Solar Pv,Energysource,Renewable Hydrogen And Hydrogen-Based Fuels,2,186
Solar Pv,Energysource,Biofuel,1,186
Solar Pv,Energysource,Renewable,1,186
Solar Pv,Energysource,Windpower,1,186
Solar Pv,Energysource,Biojetfuel,1,186
Solar Pv,Energysource,Waste Oils,1,186
Solar Pv,Energysource,Coal-Fired,1,186
Solar Pv,Energysource,Solarpower,1,186
Solar Pv,Energysource,Fossilfuel,1,186
Solar Pv,Energysource,Off-Grid Pv,1,186
Solar Pv,Energysource,Residue Oils,1,186
Solar Pv,Energysource,Liquid Fuels,1,186
Solar Pv,Energysource,Fossiljetfuel,1,186
Solar Pv,Energysource,Fossil Diesel,1,186
Solar Pv,Energysource,Rooftop Solar,1,186
Solar Pv,Energysource,Selected Fuels,1,186
Solar Pv,Energysource,All Renewables,1,186
Solar Pv,Energysource,Gas Generation,1,186
Solar Pv,Energysource,All Feedstocks,1,186
Solar Pv,Energysource,Wind And Solar,1,186
Solar Pv,Energysource,Biofuel Supply,1,186
Solar Pv,Energysource,Transport Fuel,1,186
Solar Pv,Energysource,New Renewables,1,186
Solar Pv,Energysource,Fossil Jet Fuel,1,186
Solar Pv,Energysource,Fossil Fuel Use,1,186
Solar Pv,Energysource,Synthetic Fuels,1,186
Solar Pv,Energysource,Solar Pv Energy,1,186
Solar Pv,Energysource,Biofuel Supplies,1,186
Solar Pv,Energysource,Gas-Fired Energy,1,186
Solar Pv,Energysource,Pv - Electricity,1,186
Solar Pv,Energysource,Utility Solar Pv,1,186
Solar Pv,Energysource,Biofuel Products,1,186
Solar Pv,Energysource,Non-Fossil Fuels,1,186
Solar Pv,Energysource,Mixed Feedstocks,1,186
Solar Pv,Energysource,Low-Carbon Energy,1,186
Solar Pv,Energysource,Imported Biofuels,1,186
Solar Pv,Energysource,Diesel Generation,1,186
Solar Pv,Energysource,Off-Grid Solar Pv,1,186
Solar Pv,Energysource,Feedstock Supplies,1,186
Solar Pv,Energysource,Biofuel Feedstocks,1,186
Solar Pv,Energysource,Fossil Fuel Import,1,186
Solar Pv,Energysource,Imported Feedstock,1,186
Solar Pv,Energysource,Low-Carbon Options,1,186
Solar Pv,Energysource,Fossil Fuel Inputs,1,186
Solar Pv,Energysource,Wind - Electricity,1,186
Solar Pv,Energysource,Advanced Feedstocks,1,186
Solar Pv,Energysource,Onshore Wind Plants,1,186
Solar Pv,Energysource,Domestic Renewables,1,186
Solar Pv,Energysource,Renewablegeneration,1,186
Solar Pv,Energysource,Waste Oils And Fats,1,186
Solar Pv,Energysource,Fossil-Fired Output,1,186
Solar Pv,Energysource,Utility-Scale Solar,1,186
Solar Pv,Energysource,Gas-Based Generation,1,186
Solar Pv,Energysource,Non-Renewable Energy,1,186
Solar Pv,Energysource,Fats Oils And Grease,1,186
Solar Pv,Energysource,Renewable Feedstocks,1,186
Solar Pv,Energysource,Oil Power Generation,1,186
Solar Pv,Energysource,Oil-Based Feedstocks,1,186
Solar Pv,Energysource,Renewable Production,1,186
Solar Pv,Energysource,Eu Coal-Fired Output,1,186
Solar Pv,Energysource,Solar Pv Development,1,186
Solar Pv,Energysource,Installed Renewables,1,186
Solar Pv,Energysource,Fischer-Tropsch Fuels,1,186
Solar Pv,Energysource,Waste And Residue Oil,1,186
Solar Pv,Energysource,Coal-Based Generation,1,186
Solar Pv,Energysource,Wind And Solar Energy,1,186
Solar Pv,Energysource,Fischer-Tropsch Waxes,1,186
Solar Pv,Energysource,Wind And Solar Plants,1,186
Solar Pv,Energysource,Synthetic Liquid Fuels,1,186
Solar Pv,Energysource,Fossil Fuel-Based Heat,1,186
Solar Pv,Energysource,Canadian Vegetable Oil,1,186
Solar Pv,Energysource,Imported Vegetable Oil,1,186
Solar Pv,Energysource,Fossil Fuel Generation,1,186
Solar Pv,Energysource,Rooftop Solar Capacity,1,186
Solar Pv,Energysource,Solar Power Generation,1,186
Solar Pv,Energysource,Fossilfuelspowerplants,1,186
Solar Pv,Energysource,Residue And Waste Oils,1,186
Solar Pv,Energysource,Renewableenergysources,1,186
Solar Pv,Energysource,Renewable Fuel Pathways,1,186
Solar Pv,Energysource,Onshore Wind Generation,1,186
Solar Pv,Energysource,Renewable District Heat,1,186
Solar Pv,Energysource,Agricultural Feedstocks,1,186
Solar Pv,Energysource,Modern Use Of Bioenergy,1,186
Solar Pv,Energysource,Fossil-Based Generation,1,186
Solar Pv,Energysource,Renewable Energy Supply,1,186
Solar Pv,Energysource,Diesel-Fired Generation,1,186
Solar Pv,Energysource,Vegetable Oil Feedstock,1,186
Solar Pv,Energysource,Fossil Fuels - Domestic,1,186
Solar Pv,Energysource,Fossil Fuels - Imported,1,186
Solar Pv,Energysource,Non-Fossil Fuel Sources,1,186
Solar Pv,Energysource,Sustainable Alternatives,1,186
Solar Pv,Energysource,Combustible Fossil Fuels,1,186
Solar Pv,Energysource,Low-Emissions Generation,1,186
Solar Pv,Energysource,Natural Gas Power Plants,1,186
Solar Pv,Energysource,Onshore Wind Development,1,186
Solar Pv,Energysource,Fossil-Fuel-Fired Plants,1,186
Solar Pv,Energysource,Renewable Diesel Imported,1,186
Solar Pv,Energysource,North American Feedstocks,1,186
Solar Pv,Energysource,Imported Renewable Diesel,1,186
Solar Pv,Energysource,Renewable Diesel Domestic,1,186
Solar Pv,Energysource,Wind And Solar Generation,1,186
Solar Pv,Energysource,Renewable District Heating,1,186
Solar Pv,Energysource,Low-Emissions Alternatives,1,186
Solar Pv,Energysource,Biomass-Derived Feedstocks,1,186
Solar Pv,Energysource,Waste Fats Oils And Greases,1,186
Solar Pv,Energysource,Wind (Onshore And Offshore),1,186
Solar Pv,Energysource,Renewables Power Generation,1,186
Solar Pv,Energysource,Weather-Dependent Renewables,1,186
Solar Pv,Energysource,Wind And Solar Pv Generation,1,186
Solar Pv,Energysource,Fischer-Tropsch Biojet Fuels,1,186
Solar Pv,Energysource,Non-Renewable Energy Sources,1,186
Solar Pv,Energysource,Fossil Fuel-Based Production,1,186
Solar Pv,Energysource,Fossil Fuel-Fired Generation,1,186
Solar Pv,Energysource,Low-Emissions Energy Sources,1,186
Solar Pv,Energysource,Residue Fats Oils And Greases,1,186
Solar Pv,Energysource,Imported Biomass-Based Diesel,1,186
Solar Pv,Energysource,Domestic Biomass-Based Diesel,1,186
Solar Pv,Energysource,Imported Fats Oils And Grease,1,186
Solar Pv,Energysource,Waste And Residue Oil Imports,1,186
Solar Pv,Energysource,Renewable Or Low-Carbon Power,1,186
Solar Pv,Energysource,Wind Projects On Federal Land,1,186
Solar Pv,Energysource,Waste And Residue Oil Supplies,1,186
Solar Pv,Energysource,Utility-Scale Battery Capacity,1,186
Solar Pv,Energysource,Electricity Generation Sources,1,186
Solar Pv,Energysource,Low-Emission Feedstock Sources,1,186
Solar Pv,Energysource,Additional Low-Emissions Fuels,1,186
Solar Pv,Energysource,Fossil Fuel (Gas-Fired) Plants,1,186
Solar Pv,Energysource,Other Renewables - Electricity,1,186
Solar Pv,Energysource,Installed Distributed Solar Pv,1,186
Solar Pv,Energysource,Vegetable Fats Oils And Greases,1,186
Solar Pv,Energysource,Modern Renewable Energy Sources,1,186
Solar Pv,Energysource,Low-Carbon-Intensity Feedstocks,1,186
Solar Pv,Energysource,Fossil-Based Thermal Generation,1,186
Solar Pv,Energysource,Renewable Source Of Electricity,1,186
Solar Pv,Energysource,Fossil Fuelled-Fired Generation,1,186
Solar Pv,Energysource,Renewable Electricity-Based Heat,1,186
Solar Pv,Energysource,Renewable Electricity Production,1,186
Solar Pv,Energysource,Solar (Ground- And Roof-Mounted),1,186
Solar Pv,Energysource,Gas-Based Electricity Generation,1,186
Solar Pv,Energysource,Renewable Electricity For Heating,1,186
Solar Pv,Energysource,Variable Renewable Energy Sources,1,186
Solar Pv,Energysource,Privately-Owned Renewable Capacity,1,186
Solar Pv,Energysource,Non-Hydro Renewable Power Capacity,1,186
Solar Pv,Energysource,Fossil Fuel-Fired Thermal Generation,1,186
Solar Pv,Energysource,Modern Renewables In District Heating,1,186
Solar Pv,Energysource,Low-Emissions Fuels And Energy Sources,1,186
Solar Pv,Energysource,Renewables In District Heating Systems,1,186
Solar Pv,Energysource,Biofuels Made From Imported Feedstocks,1,186
Solar Pv,Energysource,Variable Renewable Energy (Vre) Assets,1,186
Solar Pv,Energysource,Offshore Wind Projects In Federal Waters,1,186
Solar Pv,Energysource,Renewable Energy From Wind And Solar Power,1,186
Solar Pv,Energysource,Utility-Scale Wind And Solar Pv Generation,1,186
Solar Pv,Energysource,"Biodiesel, Renewable Diesel And Biojet Fuel",1,186
Solar Pv,Energysource,Hydrogen Produced From Renewable Electricity,1,186
Solar Pv,Energysource,Weather-Dependent Variable Renewable Energies,1,186
Solar Pv,Energysource,Low-Emissions Hydrogen And Hydrogen-Based Fuels,1,186
Solar Pv,Energysource,Self-Consumption From Distributed Solar Pv Assets,1,186
Nuclear,Energysource,Nuclear Generation,11,42
Nuclear,Energysource,Nuclear Power,8,42
Nuclear,Energysource,Nuclear Energy,7,42
Nuclear,Energysource,Nuclear Power Plant,2,42
Nuclear,Energysource,Nuclear Power Capacity,1,42
Nuclear,Energysource,Nuclear Energy Generation,1,42
Nuclear,Energysource,Nuclear Generation In Canada,1,42
Lng,Energysource,Ngls,20,37
Lng,Energysource,Lng Imports,16,37
Lng,Energysource,Global Lng Supply,7,37
Lng,Energysource,Us Lng,4,37
Lng,Energysource,Lng Supply,4,37
Lng,Energysource,Natural Gas Liquids,4,37
Lng,Energysource,Ngl,3,37
Lng,Energysource,Us Lng Supply,3,37
Lng,Energysource,Natural Gas Liquids (Ngls),3,37
Lng,Energysource,Urals Crude,2,37
Lng,Energysource,Liquified Natural Gas,2,37
Lng,Energysource,Liquefied Natural Gas,2,37
Lng,Energysource,Liquefied Petroleum Gas,2,37
Lng,Energysource,Liquefied Natural Gas (Lng),2,37
Lng,Energysource,Global Lng,1,37
Lng,Energysource,Ngls Supply,1,37
Lng,Energysource,Lng Supplies,1,37
Lng,Energysource,Russian Crude,1,37
Lng,Energysource,Us Lng Supplies,1,37
Lng,Energysource,Associated Ngls,1,37
Lng,Energysource,Natural Gas Imports,1,37
Lng,Energysource,Lng Supply Capacity,1,37
Lng,Energysource,Imported Natural Gas,1,37
Lng,Energysource,Europe'S Lng Imports,1,37
Lng,Energysource,Russian Crude Imports,1,37
Lng,Energysource,Natural Gas Liquids (Total),1,37
Lng,Energysource,Russian Natural Gas Imports,1,37
Lng,Energysource,Nigeria Liquefied Natural Gas,1,37
Lng,Energysource,Global Natural Gas Liquids (Ngls) Supply,1,37
Next Five Years,Timeframe,Five-Year Horizon,1,4
Next Five Years,Timeframe,Five-Year Outlook Period,1,4
Gdp Growth,Metric,Economic Growth,12,14
Gdp Growth,Metric,Gdp,10,14
Gdp Growth,Metric,Gdp Expansion,5,14
Gdp Growth,Metric,Gdp Per Capita,4,14
Gdp Growth,Metric,Global Gdp Growth,3,14
Gdp Growth,Metric,Gross Domestic Product,2,14
Gdp Growth,Metric,Gdp Gains,1,14
Gdp Growth,Metric,Global Gdp,1,14
Gdp Growth,Metric,Gdp Per Head,1,14
Gdp Growth,Metric,Global Growth,1,14
Gdp Growth,Metric,Gdp Growth Rate,1,14
Gdp Growth,Metric,Us Gdp Per Capita,1,14
Gdp Growth,Metric,Economic Expansion,1,14
Gdp Growth,Metric,Global Economic Growth,1,14
Gdp Growth,Metric,Gdp Growth United States,1,14
Gdp Growth,Metric,Economic Output Per Capita,1,14
Weather Conditions,Metric,Winter Conditions,1,3
Weather Conditions,Metric,Winter Temperatures,1,3
Coal Gasification,Technology,Coal Gasification Projects,2,3
Coal Gasification,Technology,Gasification,1,3
Coal Gasification,Technology,Gasification Projects,1,3
Coal Gasification,Technology,High-Ash Coal Gasification,1,3
Coal Gasification,Technology,Coal Gasification Initiatives,1,3
Natural Gas,Energysource,Naturalgas,14,81
Natural Gas,Energysource,Natural Gas Production,10,81
Natural Gas,Energysource,Renewable Natural Gas,6,81
Natural Gas,Energysource,Synthetic Natural Gas,4,81
Natural Gas,Energysource,Renewable Natural Gas (Rng),2,81
Natural Gas,Energysource,Naturalgasroad,1,81
Natural Gas,Energysource,Natural Gas Resources,1,81
Natural Gas,Energysource,Natural Gas Resource Base,1,81
Covid-19 Pandemic,Timeframe,Pandemic,1,3
Policy Support,Policy,Subsidies,2,5
Policy Support,Policy,Us Policy Support,1,5
Policy Support,Policy,Supportive Policies,1,5
Policy Support,Policy,State Level Support,1,5
Policy Support,Policy,Investment Subsidies,1,5
Policy Support,Policy,Federal Policy Support,1,5
Policy Support,Policy,Federal Subsidy Support,1,5
Policy Support,Policy,Government Policy Support,1,5
Policy Support,Policy,Federal Support Programmes,1,5
Policy Support,Policy,State-Level Policy Support,1,5
Policy Support,Policy,Capital Investment Subsidies,1,5
Policy Support,Policy,State-Backed Support Measures,1,5
Policy Support,Policy,Policy And Regulatory Support,1,5
Policy Support,Policy,Policy Support And Financial Subsidies,1,5
Viet Nam,Region,Nam,1,44
Viet Nam,Region,Viet_Nam,1,44
Philippines,Region,The Philippines,3,47
Global,Region,Worldwide,1,13
Thermal Coal,Energysource,Met Coal,23,36
Thermal Coal,Energysource,Solar Thermal,7,36
Thermal Coal,Energysource,Steam Coal,4,36
Thermal Coal,Energysource,High-Cv Thermal Coal,3,36
Thermal Coal,Energysource,Solar Thermal Energy,3,36
Thermal Coal,Energysource,Domestic Coal,2,36
Thermal Coal,Energysource,Non-Power Steam Coal,2,36
Thermal Coal,Energysource,Thermal Coal (Export),2,36
Thermal Coal,Energysource,Thermal Coal And Lignite (Domestic),2,36
Thermal Coal,Energysource,Thermal,1,36
Thermal Coal,Energysource,Mid-Cv Coal,1,36
Thermal Coal,Energysource,Low-Cv Coal,1,36
Thermal Coal,Energysource,High-Cv Coal,1,36
Thermal Coal,Energysource,Thermal Power,1,36
Thermal Coal,Energysource,Non-Power Coal,1,36
Thermal Coal,Energysource,Domestic Lignite,1,36
Thermal Coal,Energysource,Solar Thermal Heat,1,36
Thermal Coal,Energysource,Steam And Met Coal,1,36
Thermal Coal,Energysource,Thermal Coal Mines,1,36
Thermal Coal,Energysource,Russian High-Cv Coal,1,36
Thermal Coal,Energysource,Thermal Coal (Power),1,36
Thermal Coal,Energysource,Domestic Coal Mining,1,36
Thermal Coal,Energysource,European High-Cv Coal,1,36
Thermal Coal,Energysource,Thermal Coal For Power,1,36
Thermal Coal,Energysource,Steam Coal And Lignite,1,36
Thermal Coal,Energysource,Australian High-Cv Coal,1,36
Thermal Coal,Energysource,Thermal Coal And Lignite,1,36
Thermal Coal,Energysource,Thermal Coal (Non-Power),1,36
Thermal Coal,Energysource,Low- And Mid-Cv Thermal Coal,1,36
Thermal Coal,Energysource,Low- And Mid-Cv Coal Segment,1,36
Thermal Coal,Energysource,Solar Thermal Heat Consumption,1,36
Russia,Region,Russian Federation,5,90
Export,Sector,Exporters,1,1
Export,Sector,Export Side,1,1
Export,Sector,Export-Oriented,1,1
Hydropower,Energysource,Hydro,5,77
Hydropower,Energysource,Hydropower Generation,5,77
Hydropower,Energysource,Pumped-Storage Hydropower,3,77
Hydropower,Energysource,Hydro Output,2,77
Hydropower,Energysource,Pumped Storage Hydropower,2,77
Hydropower,Energysource,Hydro Power,1,77
Hydropower,Energysource,Hydro Reservoir,1,77
Hydropower,Energysource,Hydro Generation,1,77
Hydropower,Energysource,Pumped Storage Hydro,1,77
Hydropower,Energysource,Hydroelectric Output,1,77
Hydropower,Energysource,Pumped Storage Hydropower (Psh),1,77
8 805 Mt,Metric,8 845 Mt,1,1
Non-Power Sector,Sector,Non-Heavy Industry,2,2
Non-Power Sector,Sector,Non-Power Sectors,1,2
Non-Power Sector,Sector,Non-Heavy Industries,1,2
Lng Exports,Sector,Petrochemicals,8,8
Lng Exports,Sector,Lng Carriers,4,8
Lng Exports,Sector,Lng Production,4,8
Lng Exports,Sector,Lng Value Chains,4,8
Lng Exports,Sector,Petrochemical Sector,4,8
Lng Exports,Sector,Legacy Lng Producers,3,8
Lng Exports,Sector,Lng Producers,2,8
Lng Exports,Sector,Chemical Production,2,8
Lng Exports,Sector,Lng Export Contracts,2,8
Lng Exports,Sector,Lng Exporter,1,8
Lng Exports,Sector,Lng Shipping,1,8
Lng Exports,Sector,Lng Operations,1,8
Lng Exports,Sector,Chemical Sector,1,8
Lng Exports,Sector,Lng Supply Chain,1,8
Lng Exports,Sector,Chemicals Sector,1,8
Lng Exports,Sector,Gas Supply Chains,1,8
Lng Exports,Sector,Chemical Industry,1,8
Lng Exports,Sector,Eu Chemical Sector,1,8
Lng Exports,Sector,Domestic Lng Shipping,1,8
Lng Exports,Sector,Lng Supply Operations,1,8
Lng Exports,Sector,Petrochemical Industry,1,8
Lng Exports,Sector,Petrochemical Producers,1,8
Lng Exports,Sector,Petrochemical Production,1,8
Lng Exports,Sector,Lng Use In Road Transport,1,8
Lng Exports,Sector,Petrochemical Supply Chains,1,8
Lng Exports,Sector,Lng Producers And Suppliers,1,8
Lng Exports,Sector,European Petrochemical Industry,1,8
Lng Exports,Sector,Chemical And Petrochemical Industries,1,8
Lng Exports,Sector,Lng Use In Medium- And Heavy-Duty Transport,1,8
Lng Exports,Sector,Lng Use In Domestic And International Shipping,1,8
Cement Sector,Sector,Cement Industry,3,5
Cement Sector,Sector,Cement Production,3,5
Metals Processing,Sector,Nickel Industry,1,3
Metals Processing,Sector,Nickel Smelting,1,3
Metals Processing,Sector,Metal Processing,1,3
Metals Processing,Sector,Nickel Processing,1,3
Us,Region,United_States,2,18
Us,Region,United States Of America,1,18
Coal-To-Gas Switching,Policy,Fuel_Switching,1,2
Coal-To-Gas Switching,Policy,Fuel Switching,1,2
Coal-To-Gas Switching,Policy,Oil-To-Gas Switching,1,2
Coal-To-Gas Switching,Policy,Oil-To-Gas Switching Strategy,1,2
Coal-To-Gas Switching,Policy,Oil-To-Gas Switching Initiatives,1,2
Rest Of World,Region,Rest Of The World,4,15
Rest Of World,Region,Rest Of World (Row),1,15
Others,Energysource,Other Products,14,19
Others,Energysource,Other,12,19
Coal Conversion,Sector,Coal Sector,2,3
Coal Conversion,Sector,Mining,1,3
Coal Conversion,Sector,Coal Industry,1,3
Coal Conversion,Sector,Mining Sector,1,3
Coal Conversion,Sector,Mining Industry,1,3
Coal Conversion,Sector,Coal Enterprises,1,3
Coal Conversion,Sector,Mining Operations,1,3
Coal Conversion,Sector,Extractive Sector,1,3
Coal Conversion,Sector,Coal Mining Sector,1,3
Coal Conversion,Sector,Coal Conversion Sector,1,3
Coal Conversion,Sector,Commercial Mining Sector,1,3
Coal-To-Chemicals,Technology,Coal-To-Liquids,2,4
Coal-To-Chemicals,Technology,Coal To Liquids,1,4
Coal-To-Chemicals,Technology,Coal-To-Chemicals Expansion,1,4
Coal-To-Chemicals,Technology,Coal-To-Chemicals Initiatives,1,4
Steel Sector,Sector,Ironmaking Industry,1,5
Steel Sector,Sector,Iron And Steelmaking Sector,1,5
Steelmaking,Sector,Steel Production,4,4
Steelmaking,Sector,Steel Production From Iron Ore,1,4
Coking Coal,Energysource,Hard Coking Coal,2,10
Coking Coal,Energysource,Hard Coal,1,10
Coking Coal,Energysource,Seaborne Hard Coking Coal,1,10
Electricity Generation From Solar Pv And Wind,Metric,The Role Of Wind And Solar Pv In Power Systems,1,1
Electricity Generation From Solar Pv And Wind,Metric,Electricity Generation From Wind And Solar Energy,1,1
Fertiliser,Sector,Fertilisers,2,2
Fertiliser,Sector,Can Fertilisers,1,2
Fertiliser,Sector,Fertiliser Output,1,2
Fertiliser,Sector,Fertiliser Sector,1,2
Fertiliser,Sector,Chemical Fertiliser,1,2
Fertiliser,Sector,Organic Fertilisers,1,2
Fertiliser,Sector,Fertiliserproduction,1,2
Fertiliser,Sector,Fertiliser Production,1,2
Import Tariffs,Policy,Tariffs,4,5
Import Tariffs,Policy,Eu Tariffs,1,5
Import Tariffs,Policy,Us Tariffs,1,5
Import Tariffs,Policy,Trade Tariffs,1,5
Import Tariffs,Policy,Import Duties,1,5
Import Tariffs,Policy,Tariff Measures,1,5
Import Tariffs,Policy,Basic Customs Duties,1,5
Import Tariffs,Policy,Import Duties On Coal,1,5
Import Tariffs,Policy,Tariffs On Imported Coking Coal,1,5
Xinjiang,Region,Xinjiang Province,1,11
Shandong,Region,Shandong Province,2,5
Biomass,Energysource,Lignocellulosic Biomass,1,8
Carbon Capture And Storage (Ccs),Technology,Carbon Capture Utilisation And Storage,2,2
Carbon Capture And Storage (Ccs),Technology,Carbon Capture Projects,1,2
Carbon Capture And Storage (Ccs),Technology,Co2 Capture And Storage,1,2
Carbon Capture And Storage (Ccs),Technology,Carbon Capture Facilities,1,2
Carbon Capture And Storage (Ccs),Technology,Transboundary Co2 Storage,1,2
Carbon Capture And Storage (Ccs),Technology,Carbon Capture And Storage,1,2
Carbon Capture And Storage (Ccs),Technology,Carbon Capture Technologies,1,2
Carbon Capture And Storage (Ccs),Technology,"Carbon Capture, Utilisation And Storage",1,2
Carbon Capture And Storage (Ccs),Technology,Carbon Capture And Storage (Ccs) Retrofits,1,2
Load Factors,Metric,Load Factor,1,2
Wind Speed,Metric,Wind Speeds,1,1
Coal-Fired Power Plants,Sector,Power Plants,2,5
Coal-Fired Power Plants,Sector,Coal-Fired Power Plant,1,5
Gigawatt,Metric,Gigawatt Hour,1,4
Nonpowercoaldemand,Sector,Nonpowercoalconsumption,1,1
Small Industry,Sector,Smallindustry,1,2
Small Industry,Sector,Small Industries,1,2
Residentialheating,Sector,Residential Heating,1,1
Residentialheating,Sector,Residential Air Conditioning,1,1
Agriculture,Sector,Agricultural Sector,3,7
Agriculture,Sector,Food Industry,2,7
Agriculture,Sector,Food Sector,1,7
Agriculture,Sector,Agrifood Sector,1,7
Agriculture,Sector,Agriculture Sector,1,7
Agriculture,Sector,Food Processing Sector,1,7
Agriculture,Sector,Food And Beverages Sector,1,7
Agriculture,Sector,Food And Beverage Industry,1,7
Textiles Sector,Sector,Textile Industry,2,2
Battery Energy Storage Systems,Technology,Energy Storage,5,6
Battery Energy Storage Systems,Technology,Utility-Scale Battery Storage,5,6
Battery Energy Storage Systems,Technology,Battery Storage Projects,4,6
Battery Energy Storage Systems,Technology,Distributed Solar Pv Installations,4,6
Battery Energy Storage Systems,Technology,Pv,3,6
Battery Energy Storage Systems,Technology,Solar Panels,3,6
Battery Energy Storage Systems,Technology,Thermal Storage,3,6
Battery Energy Storage Systems,Technology,Energy Storage Systems,3,6
Battery Energy Storage Systems,Technology,Battery Storage Systems,3,6
Battery Energy Storage Systems,Technology,Battery Energy Storage Systems (Bess),3,6
Battery Energy Storage Systems,Technology,Photovoltaic,2,6
Battery Energy Storage Systems,Technology,Wind Turbines,2,6
Battery Energy Storage Systems,Technology,Wind Projects,2,6
Battery Energy Storage Systems,Technology,Residential Pv,2,6
Battery Energy Storage Systems,Technology,Battery Projects,2,6
Battery Energy Storage Systems,Technology,Storage Projects,2,6
Battery Energy Storage Systems,Technology,Wind Plus Storage,2,6
Battery Energy Storage Systems,Technology,Solar Pv Projects,2,6
Battery Energy Storage Systems,Technology,Solar Plus Storage,2,6
Battery Energy Storage Systems,Technology,Renewables Projects,2,6
Battery Energy Storage Systems,Technology,Solar Pv And Storage,2,6
Battery Energy Storage Systems,Technology,Grid-Scale Batteries,2,6
Battery Energy Storage Systems,Technology,Onshore Wind Turbines,2,6
Battery Energy Storage Systems,Technology,Offshore Wind Turbines,2,6
Battery Energy Storage Systems,Technology,Utility-Scale Renewables,2,6
Battery Energy Storage Systems,Technology,Distributed Energy Resources,2,6
Battery Energy Storage Systems,Technology,Utility-Scale Battery Deployment,2,6
Battery Energy Storage Systems,Technology,Distributed Solar Pv Integration,2,6
Battery Energy Storage Systems,Technology,Solar Heat For Industrial Processes,2,6
Battery Energy Storage Systems,Technology,Utility Pv,1,6
Battery Energy Storage Systems,Technology,Batterystorage,1,6
Battery Energy Storage Systems,Technology,Solar Pv Plant,1,6
Battery Energy Storage Systems,Technology,Solar Pv System,1,6
Battery Energy Storage Systems,Technology,Solar And Storage,1,6
Battery Energy Storage Systems,Technology,Distributed Solar,1,6
Battery Energy Storage Systems,Technology,Solar Pv Minigrids,1,6
Battery Energy Storage Systems,Technology,Solar Home Systems,1,6
Battery Energy Storage Systems,Technology,Electricity Storage,1,6
Battery Energy Storage Systems,Technology,Industrial Solar Pv,1,6
Battery Energy Storage Systems,Technology,Solar Pv With Storage,1,6
Battery Energy Storage Systems,Technology,Onshore Wind Projects,1,6
Battery Energy Storage Systems,Technology,Solar Thermal Systems,1,6
Battery Energy Storage Systems,Technology,Utility-Scale Battery,1,6
Battery Energy Storage Systems,Technology,Utility-Scale Projects,1,6
Battery Energy Storage Systems,Technology,Solar Pv Manufacturing,1,6
Battery Energy Storage Systems,Technology,Wind Turbine Components,1,6
Battery Energy Storage Systems,Technology,Main Turbine Components,1,6
Battery Energy Storage Systems,Technology,Onshore Wind Components,1,6
Battery Energy Storage Systems,Technology,New-Type Energy Storage,1,6
Battery Energy Storage Systems,Technology,Seasonal Thermal Storage,1,6
Battery Energy Storage Systems,Technology,Off-Grid Solar Pv Systems,1,6
Battery Energy Storage Systems,Technology,Solar Photovoltaic Panels,1,6
Battery Energy Storage Systems,Technology,Wind And Solar Pv Projects,1,6
Battery Energy Storage Systems,Technology,Off-Grid Solar Pv Projects,1,6
Battery Energy Storage Systems,Technology,Distributed Pv Applications,1,6
Battery Energy Storage Systems,Technology,Industrial Solar Pv Systems,1,6
Battery Energy Storage Systems,Technology,Distributed Solar Pv System,1,6
Battery Energy Storage Systems,Technology,Controllable Distributed Pv,1,6
Battery Energy Storage Systems,Technology,Small-Scale Battery Systems,1,6
Battery Energy Storage Systems,Technology,Energy Storage Technologies,1,6
Battery Energy Storage Systems,Technology,Residential Solar Pv Systems,1,6
Battery Energy Storage Systems,Technology,Distributed Solar Pv Projects,1,6
Battery Energy Storage Systems,Technology,Residential Solar Pv Projects,1,6
Battery Energy Storage Systems,Technology,Utility-Scale Pv Applications,1,6
Battery Energy Storage Systems,Technology,Battery Energy Storage System,1,6
Battery Energy Storage Systems,Technology,Distributed Solar Pv Expansion,1,6
Battery Energy Storage Systems,Technology,Thermal Energy Storage Systems,1,6
Battery Energy Storage Systems,Technology,Solar Pv Plus Storage Projects,1,6
Battery Energy Storage Systems,Technology,Home Energy Management Systems,1,6
Battery Energy Storage Systems,Technology,Distributed Solar Pv Resources,1,6
Battery Energy Storage Systems,Technology,Offshore Wind Power Generation,1,6
Battery Energy Storage Systems,Technology,Village-Based Distributed Solar,1,6
Battery Energy Storage Systems,Technology,Industrial Solar Thermal Systems,1,6
Battery Energy Storage Systems,Technology,Onshore Wind And Storage Projects,1,6
Battery Energy Storage Systems,Technology,Solar Thermal System With Storage,1,6
Battery Energy Storage Systems,Technology,New Renewable Generation Projects,1,6
Battery Energy Storage Systems,Technology,New-Type Energy Storage Solutions,1,6
Battery Energy Storage Systems,Technology,Distributed Solar Pv Applications,1,6
Battery Energy Storage Systems,Technology,Standalone Battery Storage Systems,1,6
Battery Energy Storage Systems,Technology,Small-Scale Solar Pv Installations,1,6
Battery Energy Storage Systems,Technology,Utility-Scale Battery Developments,1,6
Battery Energy Storage Systems,Technology,Crystalline Silicon Pv Manufacturing,1,6
Battery Energy Storage Systems,Technology,Battery Energy Storage System (Bess),1,6
Battery Energy Storage Systems,Technology,Co-Located Solar And Storage Projects,1,6
Battery Energy Storage Systems,Technology,Utility-Scale Battery Storage Projects,1,6
Battery Energy Storage Systems,Technology,Solar Pv Projects Combined With Storage,1,6
Battery Energy Storage Systems,Technology,Distributed Energy Resource Aggregation,1,6
Battery Energy Storage Systems,Technology,Wind Projects In Late-Stage Development,1,6
Battery Energy Storage Systems,Technology,Commercial And Industrial Solar Pv Systems,1,6
Battery Energy Storage Systems,Technology,Solar Pv Projects In Late-Stage Development,1,6
Battery Energy Storage Systems,Technology,Flexible Operation Of Small-Scale Distributed Pv,1,6
Battery Energy Storage Systems,Technology,Integration Of Solar Thermal Energy Generators With Storage Systems,1,6
E-Methanol,Energysource,Methanol,3,6
National Energy Administration,Policy,National Energy Administration (Nea),1,1
National Energy Administration,Policy,China’S National Energy Administration,1,1
Hydrogen Pilot Programme,Policy,Hydrogen Vehicle Demonstration Programmes,1,1
Direct Coal Liquefaction,Technology,Indirect Coal Liquefaction,1,1
Pci Coal,Energysource,Pulverised Coal Injection (Pci) Coal,1,1
Electric Arc Furnace,Technology,Electric Arc Furnace Production,1,2
Machinery,Sector,Machinery Industry,1,1
Machinery,Sector,Machinery And Manufacturing,1,1
Basic Oxygen Furnace,Technology,Basic Oxygen Furnace Processes,1,1
Electricity System,Sector,Energy System,1,2
Electricity System,Sector,Global Energy System,1,2
Blast Furnaces,Infrastructure,Blast Furnaces Under Construction,1,2
Long-Term Contracts,Policy,Lng Contracts,3,8
Long-Term Contracts,Policy,Large Contracts,2,8
Long-Term Contracts,Policy,Medium-Sized Contracts,2,8
Long-Term Contracts,Policy,Oil-Indexed Lng Contracts,2,8
Long-Term Contracts,Policy,Long-Term Supply Contracts,2,8
Long-Term Contracts,Policy,Indexed Contracts,1,8
Long-Term Contracts,Policy,Long-Term Agreements,1,8
Long-Term Contracts,Policy,Fuel Supply Contracts,1,8
Long-Term Contracts,Policy,Oil-Indexed Contracts,1,8
Long-Term Contracts,Policy,Long-Term Lng Contracts,1,8
Long-Term Contracts,Policy,Hub-Indexed Lng Contracts,1,8
Long-Term Contracts,Policy,Longer-Term Offtake Contracts,1,8
Long-Term Contracts,Policy,Medium- And Long-Term Contracts,1,8
Long-Term Contracts,Policy,Premiums In Long-Term Contracts,1,8
Long-Term Contracts,Policy,Auctions For Long-Term Contracts,1,8
Long-Term Contracts,Policy,Oil-Indexed Lng Export Contracts,1,8
Long-Term Contracts,Policy,Lng Contracting And Flexibility Update,1,8
Long-Term Contracts,Policy,Long-Term Contracts With Take-Or-Pay Clauses,1,8
Long-Term Contracts,Policy,Fuel Supply Contracts With Take-Or-Pay Clauses,1,8
Electricity Mix,Sector,National Electricity Mix,2,7
Us Department Of Energy,Policy,Department Of Energy (Doe),1,1
Coal-Fired Units,Infrastructure,Gas-Fired Power Stations,2,2
Coal-Fired Units,Infrastructure,Coal-Fired Power Stations,1,2
Coal-Fired Units,Infrastructure,Gas-Fired Power Plant Fleet,1,2
Coal-Fired Units,Infrastructure,Fossil Fuel-Fired Power Fleets,1,2
Coal-Fired Units,Infrastructure,Coal- And Lignite-Fired Power Plants,1,2
Energy Security,Policy,National Energy Security,1,10
Duke Energy,Sector,Duke Energy Corporation,1,1
Miso,Region,Miso Region,1,5
Renewablecapacityplan,Policy,Renewablecapacityexpansion,1,1
Paris Agreement,Policy,Paris Agreement 2015,1,2
Coal Phase-Out,Policy,Coal Boiler Phase-Out,1,2
Coal Phase-Out,Policy,Coal Phase-Out Policies,1,2
Coal Phase-Out,Policy,Coal Phase-Out Strategy,1,2
Coal Phase-Out,Policy,Coal Phase-Out Framework,1,2
Coal Phase-Out,Policy,Coal Phase-Out Strategies,1,2
Coal Phase-Out,Policy,China State Council Coal-Fired Boiler Phase-Out,1,2
Capacity Payments,Policy,Capacity Payments For Coal Units,1,3
Fuel Oil,Energysource,Heavy Fuel Oil,4,20
Fuel Oil,Energysource,Fueloil,1,20
Fuel Oil,Energysource,Heavy Crude,1,20
Fuel Oil,Energysource,Medium Crude,1,20
Fuel Oil,Energysource,Heavy Sour Crude,1,20
Fuel Oil,Energysource,Heavy/Sour Crudes,1,20
Fuel Oil,Energysource,Middle East Grades,1,20
Fuel Oil,Energysource,Canadian Heavy Crude,1,20
Fuel Oil,Energysource,Canadian Heavy Crudes,1,20
Fuel Oil,Energysource,Medium Sweet Or Sour Crudes,1,20
Fuel Oil,Energysource,Middle Eastern Crude Grades,1,20
Fuel Oil,Energysource,Medium And Heavy Sweet Crudes,1,20
Fuel Oil,Energysource,Heavy Sour Middle Eastern Crude Grades,1,20
Co2 Costs,Metric,Carbon Cost,1,1
Co2 Costs,Metric,Carbon Costs,1,1
Co2 Costs,Metric,Carbon Prices,1,1
Co2 Costs,Metric,Carbon Credit Prices,1,1
Co2 Costs,Metric,Carbon Compliance Costs,1,1
Co2 Costs,Metric,Carbon Credit Prices In Transport Sector,1,1
Natural Gas Prices,Metric,Gas Prices,4,7
Natural Gas Prices,Metric,Gas Market Prices,2,7
Natural Gas Prices,Metric,Natural Gas Price,1,7
Ttf Hub Prices,Metric,Ttf Gas Prices,1,1
Ttf Hub Prices,Metric,Ttf Spot Prices,1,1
Ccgt,Technology,Ccgts,1,1
Renewable Energy Goals,Policy,National Energy Policy 2025-2034,2,2
Renewable Energy Goals,Policy,2024 Necp,1,2
Renewable Energy Goals,Policy,Solar Mandate,1,2
Renewable Energy Goals,Policy,Carbon Policies,1,2
Renewable Energy Goals,Policy,Energy Policies,1,2
Renewable Energy Goals,Policy,Climate Policies,1,2
Renewable Energy Goals,Policy,Climate Plans (Necps),1,2
Renewable Energy Goals,Policy,National Climate Plan,1,2
Renewable Energy Goals,Policy,Energy Policy Targets,1,2
Renewable Energy Goals,Policy,National Energy Policy,1,2
Renewable Energy Goals,Policy,Final Updated Necp 2024,1,2
Renewable Energy Goals,Policy,Renewable Energy Targets,1,2
Renewable Energy Goals,Policy,Renewable Energy Mandates,1,2
Renewable Energy Goals,Policy,Renewable Energy Policies,1,2
Renewable Energy Goals,Policy,Renewable Electricity Goals,1,2
Renewable Energy Goals,Policy,National Energy Plan (Nep) 2022,1,2
Renewable Energy Goals,Policy,National Energy And Climate Plan,1,2
Renewable Energy Goals,Policy,National Energy And Climate Plans,1,2
Renewable Energy Goals,Policy,Emissions-Related Climate Policies,1,2
Renewable Energy Goals,Policy,National Policy On Geothermal Energy,1,2
Renewable Energy Goals,Policy,National Energy Policy Council (Cnpe),1,2
Renewable Energy Goals,Policy,National Energy And Climate Plans (Necps) 2024,1,2
Renewable Energy Goals,Policy,Updated National Energy And Climate Plan (Necp),1,2
Renewable Energy Goals,Policy,"National Energy Policy (Kebijakan Energi Nasional, Ken)",1,2
Electrification,Policy,Electrification Expansion,1,16
Western Balkans,Region,Western Balkan,1,2
Western Balkans,Region,Western Balkan Countries,1,2
Eu Markets,Region,European Markets,2,2
Eu Markets,Region,Other Europe,1,2
Eu Markets,Region,Other Markets,1,2
Eu Markets,Region,Others_Europe,1,2
Eu Markets,Region,European Market,1,2
Eu Markets,Region,Other European Markets,1,2
Eu-Ets,Policy,Eu-Ets Compensation,2,2
Eu-Ets,Policy,Eu Ets,1,2
Eu-Ets,Policy,Eu Ets Requirements,1,2
Eu-Ets,Policy,Eu Emissions Trading System,1,2
Eu-Ets,Policy,Emissions Trading System (Ets) 2,1,2
Eu-Ets,Policy,Domestic Emissions Trading System,1,2
Eu-Ets,Policy,Eu Emissions Trading System (Ets),1,2
Eu-Ets,Policy,Eu Emissions Trading System (Ets2),1,2
Eu Carbon Border Adjustment Mechanism (Cbam),Policy,Carbon Border Adjustment Mechanism,1,2
Eu Carbon Border Adjustment Mechanism (Cbam),Policy,Carbon Border Adjustment Mechanisms,1,2
Eu Carbon Border Adjustment Mechanism (Cbam),Policy,Regulation For The Simplifications For The Carbon Border Adjustment Mechanism (Cbam),1,2
Lao Pdr,Region,Lao People’S Democratic Republic,2,5
Lao Pdr,Region,Lao People'S Democratic Republic,2,5
Rotary Kiln-Electric Furnace,Technology,Rotary Kiln-Electric Furnace (Rkef) Smelters,1,1
High-Pressure Acid Leach,Technology,High-Pressure Acid Leach (Hpal) Facilities,1,1
Class 2 Nickel,Energysource,Class 1 Nickel,1,1
Battery Supply Chains,Sector,Battery Manufacturing,1,1
Grid-Connected Units,Infrastructure,Grid-Connected Power Plants,1,1
Industrial Parks,Infrastructure,Industrial Sites,1,1
Industrial Parks,Infrastructure,Eco-Industrial Parks,1,1
Affordability,Metric,Energy Affordability,1,4
Affordability,Metric,Affordability For Consumers,1,4
Affordability,Metric,Affordability And Competitiveness,1,4
Upstream Oil Investment,Metric,Upstream Oil Investments,1,1
Upstream Oil Investment,Metric,Investment In Upstream And Logistics,1,1
Upstream Oil Investment,Metric,Upstream Oil And Gas Capital Spending,1,1
Upstream Oil Investment,Metric,Global Upstream Oil And Gas Investment,1,1
Lpg,Energysource,Lpg/Ethane,17,20
Lpg,Energysource,Lpg And Ethane,6,20
Power Development Plan (Ruptl) 2025-2034,Policy,2023 Grid Action Plan,1,2
Power Development Plan (Ruptl) 2025-2034,Policy,Power Development Plan (Pdp8),1,2
Power Development Plan (Ruptl) 2025-2034,Policy,Grid Development Plan 2025-2034,1,2
Power Development Plan (Ruptl) 2025-2034,Policy,Draft Power Development Plan 2024,1,2
Power Development Plan (Ruptl) 2025-2034,Policy,Power Development Plan (2021-2030),1,2
Power Development Plan (Ruptl) 2025-2034,Policy,8Th National Power Development Plan,1,2
Power Development Plan (Ruptl) 2025-2034,Policy,Eighth Power Development Plan (Pdp8),1,2
Power Development Plan (Ruptl) 2025-2034,Policy,Grid Development Plan For Electricity,1,2
Power Development Plan (Ruptl) 2025-2034,Policy,8Th National Power Development Plan (Pdp8),1,2
Power Development Plan (Ruptl) 2025-2034,Policy,National Power Development Plan 2021-2030 (Pdp8),1,2
Power Development Plan (Ruptl) 2025-2034,Policy,Electricity Supply Business Plan (Ruptl 2025-2034),1,2
Population Growth,Metric,Population Expansion,1,5
7Th Strategic Energy Plan,Policy,Japan’S 7Th Strategic Energy Plan,1,2
Carbon Neutrality By 2050,Policy,Net Zero Emissions By 2060,1,2
Carbon Neutrality By 2050,Policy,Net-Zero Emissions Target 2050,1,2
End Of The Decade,Timeframe,Previous Decade,2,8
End Of The Decade,Timeframe,Last Decade,1,8
End Of The Decade,Timeframe,Past Decade,1,8
End Of The Decade,Timeframe,End Of Decade,1,8
East Coast Transmission Constraints,Infrastructure,Intra-Regional Transmission Constraints,1,1
Coal Imports,Energysource,Imported Coal,3,3
Utilisation Rates,Metric,Higher Utilisation Rates,1,3
Coal Consumption In Bangladesh,Metric,Coal Demand In Pakistan And Bangladesh,1,1
Africa,Region,African Continent,1,102
New Generation Units,Infrastructure,Ageing Generation Units,1,1
Region,Region,Regions,6,7
Region,Region,Other Regions,4,7
Region,Region,Global Regions,1,7
Region,Region,Rest Of The Region,1,7
Heating Seasons,Timeframe,Winter Heating Season,1,1
Ports,Infrastructure,Port,1,3
Inventories,Metric,Inventory Accumulation,1,1
Coal India Ltd,Sector,Coal India Ltd (Cil),1,1
Coal India Ltd,Sector,Coal India Limited (Cil),1,1
Singareni Collieries Company Ltd,Sector,Singareni Collieries Company Ltd (Sccl),1,1
Captive Sector,Sector,Captive Mining Sector,1,1
Ntpc,Sector,Ntpc Renewable Energy,1,1
Ntpc,Sector,Ntpc Renewable Energy Limited,1,1
Ntpc,Sector,National Thermal Power Corporation (Ntpc),1,1
Mining Developer And Operator,Sector,Mining Developers And Operators,1,1
Mining Developer And Operator,Sector,Mining Developers And Operators (Mdos),1,1
3.7% Gain,Metric,0.7% Increase,1,1
Auctions,Policy,Auction Schemes,3,7
Auctions,Policy,Auction Scheme,1,7
Auctions,Policy,Commercial Auctions,1,7
Peak Load,Metric,Peak Demand,2,9
Peak Load,Metric,Unmet Peak Load,2,9
Peak Load,Metric,Daily Peak Load,2,9
Peak Load,Metric,Daily Load,1,9
Peak Load,Metric,Peak Loads,1,9
Peak Load,Metric,Daytime Load,1,9
Peak Load,Metric,Peak Load Growth,1,9
Peak Load,Metric,Peak Load Trends,1,9
Peak Load,Metric,Peak Demand Events,1,9
Peak Load,Metric,Peak Evening Hours,1,9
Peak Load,Metric,Evening Peak Demand,1,9
Peak Load,Metric,Peak Demand Periods,1,9
Peak Load,Metric,Peak Rated Capacity,1,9
Peak Load,Metric,Quarter Of Peak Load,1,9
Peak Load,Metric,Evening Demand Peaks,1,9
Peak Load,Metric,Peak Electricity Load,1,9
Peak Load,Metric,Peak Load Contributions,1,9
Peak Load,Metric,Great Britain Peak Load,1,9
Peak Load,Metric,Peak Rated Capacity (Prc),1,9
Peak Load,Metric,Peak Capacity Requirements,1,9
Coal Mines,Infrastructure,Coal Mines In India,1,1
Coal Mines,Infrastructure,Commercial Coal Mines In India,1,1
Oil Prices,Metric,International Prices,1,7
Oil Prices,Metric,International Oil Prices,1,7
Rising Costs,Metric,Rising Cost Structure,1,1
Margins,Metric,Negative Margins,1,1
Softer Prices,Metric,Weaker Pricing,1,1
Operational Limits,Metric,Operational Constraints,1,1
Market Conditions,Metric,Marketing Conditions,1,4
Market Conditions,Metric,Market Conditions Since 2022,1,4
Price Trends,Metric,Fuel Price Trends,1,1
Boggabri Coal,Infrastructure,Boggabri Mine,1,1
Boggabri Coal,Infrastructure,Boggabri Coal Expansion,1,1
Ulan Coal Mine,Infrastructure,Ulan Coal Mines,1,1
Yancoal,Sector,Yancoal Australia,1,1
Moolarben Open-Cut Extension,Infrastructure,Yancoal Moolarben Open-Cut Extension,1,1
Nationally Determined Contributions,Policy,Nationally Determined Contribution 2025,1,1
Nationally Determined Contributions,Policy,2035 Nationally Determined Contribution (Ndc),1,1
Nationally Determined Contributions,Policy,Impact On Nationally Determined Contributions (Ndcs),1,1
Nationally Determined Contributions,Policy,Nationally Determined Contribution (Ndc) November 2025,1,1
Nationally Determined Contributions,Policy,National Plans And Nationally Determined Contributions,1,1
Ghg Emissions Reduction 25% By 2030,Metric,Ghg Emissions Reduction 66.25%-72.5% By 2035,1,1
Ghg Emissions Reduction 25% By 2030,Metric,62-70% Emissions Reduction Below 2005 Levels By 2035,1,1
Federal Lands Access Expansion,Policy,Executive Orders To Expand Access To Federal Lands,1,1
Appalachian,Region,Appalachian Region,2,2
Central Appalachia,Region,Central Appalachian,1,1
One Big Beautiful Bill Act,Policy,One Big Beautiful Bill,4,7
One Big Beautiful Bill Act,Policy,One Big Beautiful Bill Act (Obbba),2,7
One Big Beautiful Bill Act,Policy,Us One Big Beautiful Bill,1,7
One Big Beautiful Bill Act,Policy,2025 One Big Beautiful Bill Act,1,7
Ai,Technology,Artificial Intelligence,5,5
Rare Earth Elements,Energysource,Rare Earth Elements Oxides,1,4
2014,Timeframe,From 2014,2,12
Finance Ministry,Sector,Ministry Of Finance,1,1
Import Demand,Metric,Global Seaborne Import Demand,1,1
Emissions Reduction,Policy,Emissions Reduction Plan,1,1
Thermal Coal Exports,Sector,Coal Exports,2,3
Thermal Coal Exports,Sector,Global Thermal Coal Trade,2,3
Thermal Coal Exports,Sector,Global Coal Trade,1,3
Thermal Coal Exports,Sector,Coal Mining For Export,1,3
Thermal Coal Exports,Sector,International Coal Trade,1,3
Drummond,Sector,Drummond International,1,1
Coking Coal Benchmarks,Metric,Thermal Coal Benchmarks,1,1
Attacks On Infrastructure,Policy,Attacks On Energy Infrastructure,1,1
Integrated Resource Plan 2025,Policy,2023 Integrated Resource Plan,1,2
Logistics Reforms,Policy,Distribution Reforms,1,1
Others_Africa,Region,Rest Of Africa,1,1
Others_Africa,Region,Other African Countries,1,1
Morupule Coal-Fired Baseload Generation Project,Infrastructure,Mmamabula Coal-Fired Baseload Generation Project,1,1
Mining Capacity,Metric,Additional Mining Capacity,1,1
Industrial Consumers,Sector,Industrial And Commercial Consumers,2,2
Industrial Consumers,Sector,Industrial Customers,1,2
Industrial Consumers,Sector,Electricity Customers,1,2
Industrial Consumers,Sector,Electricity Consumers,1,2
Industrial Consumers,Sector,Commercial Electricity Consumers,1,2
Industrial Consumers,Sector,Institutional Electricity Consumers,1,2
Industrial Consumers,Sector,Commercial And Industrial Consumers,1,2
Industrial Consumers,Sector,Large Industrial Electricity Consumers,1,2
Industrial Consumers,Sector,Major Industrial And Commercial Consumers,1,2
Industrial Consumers,Sector,Retail Markets For Commercial And Industrial Consumers,1,2
Western Economies,Region,Western Countries,1,2
Met Coal Trade,Sector,Met Coal Projects,2,3
Met Coal Trade,Sector,Met Coal Mining,1,3
Met Coal Trade,Sector,Met Coal Production,1,3
Domestic Production,Energysource,Domestic Gas Production,3,6
Domestic Production,Energysource,Domestic Gas,1,6
Decarbonisation,Policy,Decarbonise Efforts,1,2
Decarbonisation,Policy,Decarbonisation Efforts,1,2
Decarbonisation,Policy,Decarbonisation Strategy,1,2
Decarbonisation,Policy,Decarbonisation Objectives,1,2
Decarbonisation,Policy,Power Sector Decarbonisation,1,2
Decarbonisation,Policy,Power Sector Decarbonisation Plan,1,2
Decarbonisation,Policy,Corporate Decarbonisation Commitments,1,2
Decarbonisation,Policy,Decarbonising The Global Energy System,1,2
Decarbonisation,Policy,International Decarbonisation Objectives,1,2
Decarbonisation,Policy,Electricity As Backbone Of Decarbonisation,1,2
Sanctions,Policy,Us Sanctions,2,2
Sanctions,Policy,Western Sanctions,1,2
Sanctions,Policy,Sanctions On Russia,1,2
Sanctions,Policy,International Sanctions,1,2
Sanctions,Policy,Western Sanctions Against Russia,1,2
Sanctions,Policy,International Sanctions Environment,1,2
New Policy,Policy,New Policies,1,1
New Policy,Policy,Policy Shifts,1,1
New Policy,Policy,Protectionism,1,1
New Policy,Policy,Trade Policies,1,1
New Policy,Policy,Policy Changes,1,1
New Policy,Policy,Us Policy Changes,1,1
New Policy,Policy,Policy Transitions,1,1
New Policy,Policy,Trade Policy Changes,1,1
New Policy,Policy,Us Protectionist Policies,1,1
New Policy,Policy,Protectionist Trade Policies,1,1
New Policy,Policy,New Administration Policy Shifts,1,1
New Policy,Policy,Policy Changes Since October 2024,1,1
Newcastle Fob (6 000 Kcal/Kg),Metric,"Newcastle (6 000 Kcal/Kg, Fob, 2024)",1,1
Newcastle Fob (6 000 Kcal/Kg),Metric,"Newcastle (6 000 Kcal/Kg, Fob, 2025)",1,1
Ara Cif,Energysource,Ara Cif Coal,1,3
Usd 15/T,Metric,Usd,1,2
Usd 15/T,Metric,Usd/W,1,2
Usd 15/T,Metric,15 Mw,1,2
Usd 15/T,Metric,Usd/T,1,2
Usd 15/T,Metric,Usd/Gj,1,2
Usd 15/T,Metric,Usd 3/T,1,2
Usd 15/T,Metric,Eur/Mwh,1,2
Usd 15/T,Metric,Usd/Mwh,1,2
Usd 15/T,Metric,Usd 53/T,1,2
Usd 15/T,Metric,50-75 Mw,1,2
Usd 15/T,Metric,Usd 65/T,1,2
Usd 15/T,Metric,Usd 102/T,1,2
Usd 15/T,Metric,Usd 15/Mwh,1,2
Usd 15/T,Metric,Usd 68/Mwh,1,2
Usd 15/T,Metric,Usd 39/Mwh,1,2
Usd 15/T,Metric,Usd 90/Mwh,1,2
Usd 15/T,Metric,Usd 83/Mwh,1,2
Usd 15/T,Metric,Usd 0.09/W,1,2
Usd 15/T,Metric,Usd 41/Mwh,1,2
Usd 15/T,Metric,Usd 0.27/W,1,2
Usd 15/T,Metric,Usd 0.15/W,1,2
Usd 15/T,Metric,Usd 0.12/W,1,2
Usd 15/T,Metric,Usd 33/Mwh,1,2
Usd 15/T,Metric,Usd 75/Mwh,1,2
Usd 15/T,Metric,Usd 45/Mwh,1,2
Usd 15/T,Metric,Usd 50/Mwh,1,2
Usd 15/T,Metric,Usd 95/Mwh,1,2
Usd 15/T,Metric,Usd 25-30/Mwh,1,2
Usd 15/T,Metric,Usd1.3Trillion,1,2
Usd 15/T,Metric,Usd 1.3 Billion,1,2
Usd 15/T,Metric,Usd 1.3 Trillion,1,2
Usd 15/T,Metric,50 Mw Electricity,1,2
Usd 15/T,Metric,Usd 50/Mwh In 2027,1,2
Usd 36/T,Metric,Usd 52/T,1,2
Usd 36/T,Metric,Usd 44/T,1,2
Usd 36/T,Metric,Usd 86/T,1,2
Usd 36/T,Metric,Usd 79/T,1,2
Russian Coal Producers,Sector,Russia Coal Mining,1,2
Russian Coal Producers,Sector,Russian Coal Mining Sector,1,2
Russian High-Cv Price Marker,Metric,European High-Cv Price Marker,1,1
Us Dollar,Metric,United States Dollar,1,4
Crude Oil,Energysource,Crude,7,12
Crude Oil,Energysource,Brent Crude Oil,1,12
Ttf Gas,Energysource,Ttf Natural Gas,1,1
Ara Cif Coal Prices,Metric,Ara Cif Coal Forward Curve,1,1
Ara Cif Coal Prices,Metric,Forward Curve Of Ara Cif Coal,1,1
Ttf Gas Forward Curve,Metric,Forward Curve Of Ttf Gas,1,1
Ttf Gas Forward Curve,Metric,Ttf And Platts Jkm Forward Curves,1,1
Transport Costs,Metric,Transport-Related Costs,1,1
Inland Logistics,Metric,Inland Transport,1,1
Port Charges,Metric,Port Usage Fees,1,1
Usd/Mbtu,Metric,Usd 4/Mbtu,1,1
Usd/Mbtu,Metric,Usd 11/Mbtu,1,1
Labour Costs,Metric,Labour Cost,1,4
Biofuel Blending,Policy,Fuel Blending,1,3
Total Operational Costs,Metric,Total Mining Operational Costs,1,1
Biofuel Obligations,Policy,Biodiesel Volume Obligations,1,1
Biofuel Obligations,Policy,Volume-Based Biofuel Mandates,1,1
New South Wales,Region,South Australia-New South Wales,1,6
Royalties In Australia 2025,Metric,Royalties In Indonesia 2025,1,1
East Kalimantan,Region,East Kalamantan,1,1
Short-Run Marginal Cost,Metric,Short-Run Marginal Cost Curve,1,1
"Australian Low-Vol (Fob, 2024)",Metric,"Australian Low-Vol (Fob, 2025)",1,1
20 Mt Supply Reduction,Metric,60 Mt Supply Reduction,1,1
Production Cost,Metric,Production Costs,1,2
Production Cost,Metric,Variable Production Costs,1,2
Production Cost,Metric,Production Cost For Most Manufacturers,1,2
Capital Expenditure,Metric,Cost Of Capital,3,4
Capital Expenditure,Metric,Capital Costs,1,4
Freight Rates,Metric,Freight Costs,1,2
Freight Rates,Metric,Cost And Freight,1,2
Freight Rates,Metric,"Cost, Insurance And Freight",1,2
Usd 8 Billion,Metric,Usd 18 Billion,1,1
Usd 8 Billion,Metric,Usd 8 Billion Planned Investments,1,1
Usd 26/T Margin,Metric,Usd 41/T Margin,1,1
Usd 26/T Margin,Metric,Usd 33/T Margin,1,1
Usd 26/T Margin,Metric,Usd 13/T Negative Margin,1,1
Opex,Metric,Transport Opex,1,2
Capex,Metric,Well Capex,1,4
Capex,Metric,Facility Capex,1,4
Coal Projects,Sector,Thermal Coal Projects,2,2
Coal Projects,Sector,Mixed Coal Projects,1,2
More-Advanced Projects,Metric,Advanced-Stage Projects,2,2
More-Advanced Export Coal Mining Projects,Infrastructure,Less-Advanced Export Coal Mining Projects,1,1
Nippon Steel,Sector,Nippon Steel Corporation,1,1
5.5 Mtpa,Metric,0.5 Mtpa,2,2
5.5 Mtpa,Metric,8.6 Mtpa,2,2
5.5 Mtpa,Metric,Mtpa,1,2
5.5 Mtpa,Metric,9 Mtpa,1,2
5.5 Mtpa,Metric,4 Mtpa,1,2
5.5 Mtpa,Metric,3 Mtpa,1,2
5.5 Mtpa,Metric,5 Mtpa,1,2
5.5 Mtpa,Metric,6 Mtpa,1,2
5.5 Mtpa,Metric,8 Mtpa,1,2
5.5 Mtpa,Metric,18 Mtpa,1,2
5.5 Mtpa,Metric,1.9 Mtpa,1,2
5.5 Mtpa,Metric,1.4 Mtpa,1,2
5.5 Mtpa,Metric,5.2 Mtpa,1,2
5.5 Mtpa,Metric,4.5 Mtpa,1,2
5.5 Mtpa,Metric,2.2 Mtpa,1,2
5.5 Mtpa,Metric,6.6 Mtpa,1,2
5.5 Mtpa,Metric,3.2 Mtpa,1,2
Scope 3 Emissions,Metric,Scope 2 Emissions,2,2
Scope 3 Emissions,Metric,Scope 1 Emissions,1,2
Scope 3 Emissions,Metric,Scope 1 And 2 Emissions,1,2
Transport Capacity,Metric,Electricity Transport Capacity,1,1
Pravoberezhny Stage 2,Infrastructure,Mmk-Ugol Tikhova Stage 2,1,2
Taymyr Sryradasaysky Coal Mine,Infrastructure,Sryradasaysky Coal Mine,1,3
Gila (Koppie) Coal Mine,Infrastructure,Gila Coal Mine (Koppie),1,1
Kusipongo (Udomo) Mine,Infrastructure,Kusipongo (Udumo Mine),1,1
Sangomar Phase 2,Infrastructure,Makhado Phase 2,2,3
Sangomar Phase 2,Infrastructure,Makhado Phase 1,2,3
Sangomar Phase 2,Infrastructure,Bacalhau Phase 2,2,3
Sangomar Phase 2,Infrastructure,Kashagan Phase 2,2,3
Sangomar Phase 2,Infrastructure,Dammam Phase 1,1,3
Sangomar Phase 2,Infrastructure,Dammam Phase 2,1,3
Sangomar Phase 2,Infrastructure,Kashagan Phase 2A Development,1,3
Sangomar Phase 2,Infrastructure,Dammam Phase 1 Water Injection Project,1,3
Sangomar Phase 2,Infrastructure,Dammam Phase 2 Water Injection Project,1,3
Pt Maruwai Coal Expansion,Infrastructure,Pt Maruwai Coal - Expansion,1,1
Adaro Minerals,Sector,Pt Adaro Minerals Tbk.,1,1
Sde Coal Mine - Stage 2,Infrastructure,Sde Coal Mine Stage 1,1,2
Sde Coal Mine - Stage 2,Infrastructure,Sde Coal Mine Stage 2,1,2
Triaryani Coal Mine,Infrastructure,Triaryani (Tra) Coal Mine,1,1
Pari Coal Mine,Infrastructure,Pt Pari Coal Project,1,1
Train Loading Stations And Coal Handling Facilities 6 And 7,Infrastructure,Tanjung Enim Train Loading Stations And Coal Handling Facilities 6 And 7,1,1
Alam Indonesia Tbk,Sector,Resource Alam Indonesia,1,1
Alam Indonesia Tbk,Sector,Pt Resource Alam Indonesia Tbk,1,1
Pt Qinfa Mining,Sector,Qinfa Mining Industri,1,1
Pt Qinfa Mining,Sector,Pt Qinfa Mining Industri,1,1
Pt Widyanusa Mandiri,Sector,Widyanusa Mandiri,1,2
Geo Energy,Sector,Geo Energy Group,1,1
Bayan Resources,Sector,Pt Bayan Resources Tbk,1,2
North America,Region,Americas,18,84
North America,Region,Northamerica,4,84
North America,Region,The Americas,1,84
North America,Region,North_America,1,84
North America,Region,North America (Nam),1,84
North America,Region,North American Region,1,84
Hd Mining,Sector,Hd Mining International Ltd,1,1
Bathurst Resources,Sector,Bathurst Resources Ltd.,1,1
Conuma Resources,Sector,Conuma Resources Ltd.,1,1
Maben Property,Infrastructure,Maben Coal Property,1,1
Erdenes Mongol,Sector,Erdenes Mongol Llc,1,1
Greenx Metals,Sector,Greenx Metals Ltd.,1,2
Jan Karski,Infrastructure,Jan Karski Project,1,2
Flaring,Technology,Flaring Reduction,2,3
Bituminous Coal,Energysource,Sub-Bituminous Coal,1,3
Average Emission Factor Lignite,Metric,Average Emission Factor Bituminous Coal,1,1
Co2 Intensity Lignite Plant 35% Efficiency,Metric,Co2 Intensity Bituminous Coal Plant 43% Efficiency,1,1
Great Plains Synfuel Plant,Infrastructure,Great Plains Synfuel Project,1,1
Great Plains Synfuel Plant,Infrastructure,Great Plains Synfuel Plant To Sequestration (North Dakota),1,1
Boundary Dam Ccs,Infrastructure,Boundary Dam Coal Power Project,1,1
Huaneng Longdong Energy Base Project,Infrastructure,Huaneng Longdong Energy Base/Zhengning Coal Power Plant,1,1
Ccus,Technology,Ccus Applications,2,11
Central And South America,Region,Central America,3,44
Central And South America,Region,South & Central America,1,44
Eurasia,Region,Other Eurasia,1,73
Middle East,Region,North Africa,5,116
Middle East,Region,Middle East And North Africa,3,116
Middle East,Region,Africa & Middle East,2,116
Middle East,Region,Middleeast,1,116
Middle East,Region,Middle_East,1,116
Middle East,Region,Others_Middleeast,1,116
Middle East,Region,Middle East Region,1,116
Middle East,Region,Africa And The Middle East,1,116
Jellinbah Central North Extension,Infrastructure,Jellinbah Central North Extension E,1,1
Jindal Mmambula Coal Mine,Infrastructure,Jindal Mmambula Coal Mine N,1,1
Ceic-Cnpc Ccus-Eor Demonstration Phase 1,Infrastructure,Ceic-Cnpc Ccus-Eor Demonstration (Ningxia) Phase 2,1,1
Ceic-Cnpc Ccus-Eor Demonstration Phase 1,Infrastructure,Ceic-Cnpc Ccus-Eor Demonstration (Ningxia) Phase 3,1,1
Ceic-Cnpc Ccus-Eor Demonstration Phase 1,Infrastructure,Ceic-Cnpc Ccus-Eor Demonstration (Ningxia) Phase 3 (Dedicated Storage),1,1
Ningxia,Region,Ningxia Province,1,1
United States-Canada,Region,United States And Canada,1,1
Yulin Coal Chemical Ccus Phase 1,Infrastructure,Xinjiang Guoneng Chemical Co Ccu Phase 1,1,1
Yulin Coal Chemical Ccus Phase 1,Infrastructure,Shaanxi Coal Group Yulin Chemical Ccus Phase 1,1,1
Yulin Coal Chemical Ccus Phase 1,Infrastructure,Shaanxi Coal Group Yulin Chemical Ccus Phase 2,1,1
Yulin Coal Chemical Ccus Phase 1,Infrastructure,Shaanxi Coal Group Yulin Chemical Ccus Phase 3,1,1
Yulin Coal Chemical Ccus Phase 1,Infrastructure,"Xinjiang Guoneng Chemical Co., Ltd Ccu Phase 2",1,1
Yulin Coal Chemical Ccus Phase 1,Infrastructure,Guanghui Energy Ccus Integration Project Phase 1,1,1
Yulin Coal Chemical Ccus Phase 1,Infrastructure,Jiling Petrochemical Ccus (Nanjing Refinery) Phase 1,1,1
Yulin Coal Chemical Ccus Phase 1,Infrastructure,Cpnc Coal Power Baijiantan Karamay (Xinjiang) Phase 1,1,1
Yulin Coal Chemical Ccus Phase 1,Infrastructure,Cpnc Coal Power Baijiantan Karamay (Xinjiang) Phase 2,1,1
Yulin Coal Chemical Ccus Phase 1,Infrastructure,Shaanxi Coal Group Yulin Chemical Ccus Phase 1 (Shaanxi),1,1
3 Mt Annual Capacity,Metric,1 Mt Annual Capacity,1,1
3 Mt Annual Capacity,Metric,4 Mt Annual Capacity,1,1
3 Mt Annual Capacity,Metric,10 Mt Annual Capacity,1,1
3 Mt Annual Capacity,Metric,0.5 Mt Annual Capacity,1,1
3 Mt Annual Capacity,Metric,1.5 Mt Annual Capacity,1,1
3 Mt Annual Capacity,Metric,3.6 Mt Annual Capacity,1,1
3 Mt Annual Capacity,Metric,3.8 Mt Annual Capacity,1,1
3 Mt Annual Capacity,Metric,0.4 Mt Annual Capacity,1,1
3 Mt Annual Capacity,Metric,6.05 Mt Annual Capacity,1,1
3 Mt Annual Capacity,Metric,3 Mt Annual Capacity (Dry Fork),1,1
3 Mt Annual Capacity,Metric,0.5 Mt Annual Capacity (Phase 1),1,1
3 Mt Annual Capacity,Metric,1.5 Mt Annual Capacity (Phase 2),1,1
3 Mt Annual Capacity,Metric,1.5 Mt Annual Capacity (Great Plains),1,1
3 Mt Annual Capacity,Metric,0.5 Mt Annual Capacity (Dedicated Storage),1,1
Project Tundra At Milton R Young Station,Infrastructure,Project Tundra At Milton R Young Station (North Dakota),1,1
0.4,Metric,0.6,1,1
0.4,Metric,0.2,1,1
0.4,Metric,0.8,1,1
0.4,Metric,1.6,1,1
Gas Turbines,Technology,Open Cycle Gas Turbine,1,1
Gas Turbines,Technology,Combined-Cycle Gas Turbine,1,1
Gas Turbines,Technology,Combined-Cycle Gas Turbines,1,1
Gas Turbines,Technology,Open-Cycle Gas Turbine Power Plants,1,1
Co2,Energysource,Carbon Dioxide,1,3
Department Of Energy,Sector,Oregon Department Of Energy,1,2
Enhanced Oil Recovery,Technology,Enhanced Oil Recovery Optimisation,1,1
Power Purchase Agreements,Policy,Power Purchase Agreement,1,3
Power Purchase Agreements,Policy,Direct Power Purchase Agreements,1,3
Power Purchase Agreements,Policy,Power Purchase Agreements (Ppas),1,3
Power Purchase Agreements,Policy,Corporate Power Purchase Agreement Activity,1,3
Title Transfer Facility,Infrastructure,Title Transfer Facility (The Netherlands),1,1
8 Bcm,Metric,4.9 Bcm/Yr,2,2
8 Bcm,Metric,Bcm,1,2
8 Bcm,Metric,Bcm/Yr,1,2
8 Bcm,Metric,8 Bcm/Yr,1,2
8 Bcm,Metric,15 Bcm/Yr,1,2
8 Bcm,Metric,10 Bcm/Yr,1,2
8 Bcm,Metric,21 Bcm/Yr,1,2
8 Bcm,Metric,44 Bcm/Yr,1,2
8 Bcm,Metric,72 Bcm/Yr,1,2
8 Bcm,Metric,6.5 Bcm/Yr,1,2
8 Bcm,Metric,18.36 Bcm/Yr,1,2
Gw,Metric,2 Gw,1,6
Gw,Metric,3 Gw,1,6
Gw,Metric,5.3 Gw,1,6
Gw,Metric,3.6 Gw,1,6
Gw,Metric,1.5 Gw,1,6
Gw,Metric,16.5 Gw,1,6
Kcal/Kg,Metric,Kilocalories (Kcal),1,1
Deep Deposits,Infrastructure,Shallow Deposits,1,1
Congo,Region,Democratic Republic Of The Congo,4,8
Congo,Region,Republic Of The Congo,3,8
Congo,Region,Democratic Republic Of Congo,2,8
Côte D’Ivoire,Region,Cote D'Ivoire,2,9
Republic Of Moldova,Region,Moldova,3,5
Kosovo,Region,Republic Of Kosovo,1,7
North Macedonia,Region,Republic Of North Macedonia,2,3
North Macedonia,Region,Former Yugoslav Republic Of North Macedonia,1,3
Cyprus,Region,Republic Of Cyprus,1,12
Iran,Region,Islamic Republic Of Iran,3,26
Saudi Arabia,Region,Saudi_Arabia,1,67
Uae,Region,United Arab Emirates,15,24
Uae,Region,Dubai,2,24
Reliability,Metric,Service Reliability,1,4
Electricity 2026,Timeframe,Electricity 2025 Report,2,7
Electricity 2026,Timeframe,Electricity 2025,1,7
Electricity 2026,Timeframe,Electricity 2026-2030,1,7
Industry Electrification,Sector,Electrification Of Industry,1,1
Data Centres,Sector,Ai Data Centres,2,40
Data Centres,Sector,New Data Centres,1,40
Data Centres,Sector,Data Centre Activity,1,40
Data Centres,Sector,Data Centre Projects,1,40
Data Centres,Sector,Data Centre Capacity,1,40
Technology Upgrades,Technology,Technological Innovations,2,2
Technology Upgrades,Technology,Equipment Upgrades,1,2
Technology Upgrades,Technology,Technical Improvements,1,2
Technology Upgrades,Technology,Technology Improvements,1,2
Technology Upgrades,Technology,Technological Improvements,1,2
Electricity Supply,Sector,Energy Supply,1,4
Electricity Supply,Sector,Energy And Supply,1,4
Electricity Supply,Sector,Electricity Suppliers,1,4
Power Systems,Infrastructure,Power System,2,8
Power Systems,Infrastructure,Electricity Systems,2,8
Demand Response,Technology,Industrial Demand Response,2,12
Demand Response,Technology,Explicit Demand Response,1,12
Demand Response,Technology,Demand Response Resources,1,12
Demand Response,Technology,Price-Based Demand Response,1,12
Demand Response,Technology,Incentive-Based Demand Response,1,12
Grids,Infrastructure,Grid Expansion,6,9
Grids,Infrastructure,Transmission Infrastructure,6,9
Grids,Infrastructure,Natural Gas Infrastructure,5,9
Grids,Infrastructure,Grid Infrastructure,3,9
Grids,Infrastructure,Transmission Network,3,9
Grids,Infrastructure,National Grid,2,9
Grids,Infrastructure,Electricity Grid,2,9
Grids,Infrastructure,Grid Connections,2,9
Grids,Infrastructure,Transmission Lines,2,9
Grids,Infrastructure,Distribution Grids,2,9
Grids,Infrastructure,Distribution Network,2,9
Grids,Infrastructure,Distribution Networks,2,9
Grids,Infrastructure,Grid Connection Delays,2,9
Grids,Infrastructure,City Gas Infrastructure,2,9
Grids,Infrastructure,Hvdc Transmission Infrastructure,2,9
Grids,Infrastructure,Transmission And Distribution Grids,2,9
Grids,Infrastructure,Grid,1,9
Grids,Infrastructure,Strong Grids,1,9
Grids,Infrastructure,Grid Development,1,9
Grids,Infrastructure,Uk National Grid,1,9
Grids,Infrastructure,Electricity Grids,1,9
Grids,Infrastructure,Grid Availability,1,9
Grids,Infrastructure,Grid Transmission,1,9
Grids,Infrastructure,City Gas Networks,1,9
Grids,Infrastructure,Transmission Grids,1,9
Grids,Infrastructure,Uk’S National Grid,1,9
Grids,Infrastructure,Transmission Links,1,9
Grids,Infrastructure,Transmission System,1,9
Grids,Infrastructure,Distributionnetwork,1,9
Grids,Infrastructure,Domestic Power Grid,1,9
Grids,Infrastructure,Power Grid Expansion,1,9
Grids,Infrastructure,Transmission Networks,1,9
Grids,Infrastructure,Grid Connection Issues,1,9
Grids,Infrastructure,Grid Development Plans,1,9
Grids,Infrastructure,New York National Grid,1,9
Grids,Infrastructure,Physical Grid Expansion,1,9
Grids,Infrastructure,Transmission Facilities,1,9
Grids,Infrastructure,Grid Connection Barriers,1,9
Grids,Infrastructure,Gcc Power Grid Expansion,1,9
Grids,Infrastructure,Shared Grid Infrastructure,1,9
Grids,Infrastructure,Distribution Infrastructure,1,9
Grids,Infrastructure,Grid Infrastructure Expansion,1,9
Grids,Infrastructure,Gas Distribution Infrastructure,1,9
Grids,Infrastructure,Grid Infrastructure And Services,1,9
Grids,Infrastructure,Major Transmission Grid Projects,1,9
Grids,Infrastructure,Grid Infrastructure Strengthening,1,9
Grids,Infrastructure,Transmission And Distribution Lines,1,9
Grids,Infrastructure,City Gas Distribution Infrastructure,1,9
Grids,Infrastructure,Electricity Grids Upgrade And Expansion,1,9
Grids,Infrastructure,Electric Power Transmission & Distribution,1,9
Grids,Infrastructure,Transmission And Distribution Infrastructure,1,9
Flexibility,Policy,Enhanced Flexibility,1,7
Flexibility,Policy,Promoting Flexibility,1,7
Iberdrola,Sector,Iberdrola Sa,1,3
Grid-Enhancing Technologies,Technology,Grid-Enhancing Technology,2,3
Grid-Enhancing Technologies,Technology,Grid Technologies,1,3
Grid-Enhancing Technologies,Technology,Grid Technology Solutions,1,3
Grid-Enhancing Technologies,Technology,Grid Flexibility Solutions,1,3
Grid-Enhancing Technologies,Technology,Electricity Grid Flexibility,1,3
Grid-Enhancing Technologies,Technology,Grid Enhancing Technologies (Gets),1,3
Grid-Enhancing Technologies,Technology,Technologies For Rapid Grid Upgrades,1,3
Grid Connection Queues,Metric,Connection Queues,6,7
Grid Connection Queues,Metric,Grid Connection,5,7
Grid Connection Queues,Metric,Grid Load,2,7
Grid Connection Queues,Metric,Grid Access,1,7
Grid Connection Queues,Metric,Grid Integration,1,7
Grid Connection Queues,Metric,Minimum Grid Load,1,7
Grid Connection Queues,Metric,Low Grid Load Instances,1,7
Grid Connection Queues,Metric,Minimum Grid Load Events,1,7
Grid Connection Queues,Metric,Grid Connection Requests,1,7
Grid Connection Queues,Metric,New Minimum Grid Load Record,1,7
Grid Connection Queues,Metric,Grid Connection Queue Numbers,1,7
Grid Connection Queues,Metric,Grid Connection Queue Backlogs,1,7
Curtailment,Policy,Curtailment Index,1,8
Curtailment,Policy,Curtailment Management,1,8
Regulatory Frameworks,Policy,Regulatory And Policy Frameworks,2,9
Regulatory Frameworks,Policy,Policy Frameworks,1,9
Regulatory Frameworks,Policy,Compliance Frameworks,1,9
Baltic Electricity System,Infrastructure,Baltic Electricity Systems,1,2
Baltic Electricity System,Infrastructure,Baltic States’ Grid Systems,1,2
Storage,Technology,Storage Capacity,6,19
Storage,Technology,Storage Solutions,2,19
Price Gaps For Energy-Intensive Industries,Metric,Electricity Prices For Energy-Intensive Industries,1,1
Price Gaps For Energy-Intensive Industries,Metric,Electricity Prices For Energy-Intensive Industries In 2025,1,1
Power Outages,Metric,Outages,1,3
Power Outages,Metric,Largescale Outages,1,3
Power Outages,Metric,Major Power Outages,1,3
Power Outages,Metric,Major Power Supply Disruptions,1,3
Electric Vehicles,Technology,Battery Electric Vehicles,3,30
Electric Vehicles,Technology,Electric Cars,2,30
Electric Vehicles,Technology,Electric Vehicle,1,30
Electric Vehicles,Technology,Fuel Cell Electric Vehicles,1,30
Air Conditioning,Technology,Air Conditioners,2,6
Advanced Manufacturing,Sector,Industrial/Advanced Manufacturing,1,1
Grids And System Flexibility,Infrastructure,Power Grids And System Flexibility,1,1
Heat Pumps,Technology,Solar District Heating,3,30
Heat Pumps,Technology,Geothermal District Heating,3,30
Heat Pumps,Technology,Heat Pump,2,30
Heat Pumps,Technology,Large Heat Pumps,1,30
Heat Pumps,Technology,Geothermal Heating,1,30
Heat Pumps,Technology,Geothermal Systems,1,30
Heat Pumps,Technology,Geothermal Projects,1,30
Heat Pumps,Technology,Industrial Heat Pumps,1,30
Heat Pumps,Technology,Geothermal Heat Pumps,1,30
Heat Pumps,Technology,Geothermal Deployment,1,30
Heat Pumps,Technology,Large-Scale Heat Pumps,1,30
Heat Pumps,Technology,Geothermal Energy Trials,1,30
Heat Pumps,Technology,Advanced Geothermal Projects,1,30
Heat Pumps,Technology,Modern Industrial Heat Pumps,1,30
Heat Pumps,Technology,Conventional Geothermal Projects,1,30
Heat Pumps,Technology,Advanced Geothermal Power Generation,1,30
Grid Investment,Metric,Electricity Network Investment,1,5
Grid Investment,Metric,Distribution Grid Investment Needs,1,5
Grid Supply Chains,Infrastructure,Grid-Related Supply Chains,1,1
Policy Agenda,Policy,Policy Priorities,1,1
Non-Firm Connection Agreements,Policy,Flexible Connection Agreements,2,9
Non-Firm Connection Agreements,Policy,Time-Limited Connection Agreements,2,9
Non-Firm Connection Agreements,Policy,Fully Flexible Connection Agreements,2,9
Non-Firm Connection Agreements,Policy,Non-Firm Agreements,1,9
Non-Firm Connection Agreements,Policy,Connection Agreements,1,9
Non-Firm Connection Agreements,Policy,Non-Firm Connection Rule,1,9
Non-Firm Connection Agreements,Policy,Non-Firm Connection Agreement,1,9
Non-Firm Connection Agreements,Policy,Limited Connection Agreements,1,9
Non-Firm Connection Agreements,Policy,Non-Firm Grid Connection Agreements,1,9
Non-Firm Connection Agreements,Policy,Distribution Connections Agreements,1,9
Non-Firm Connection Agreements,Policy,Static Non-Firm Connection Agreements,1,9
Non-Firm Connection Agreements,Policy,Capacity-Limited Connection Agreements,1,9
Non-Firm Connection Agreements,Policy,Conditional Non-Firm Connection Agreements,1,9
Non-Firm Connection Agreements,Policy,Fixed Capacity-Limited Connection Agreement,1,9
Dynamic Line Rating,Technology,Dynamic Line Rating (Dlr),1,5
Advanced Power Flow Control,Technology,Advanced Power-Flow Control,2,3
Advanced Power Flow Control,Technology,Advanced Power Flow Control (Apfc),1,3
Advanced Power Flow Control,Technology,Advanced Power Flow Control Devices,1,3
Voltage Uprating,Technology,Voltage Upgrade,1,7
2015,Timeframe,Year 2015,1,9
Network Charges,Policy,Network Charge Exemptions,1,5
Network Charges,Policy,Tariffs And Network Charges,1,5
Taxes,Policy,Taxation,1,3
Levies,Policy,Electricity Levies,1,1
Heating,Sector,Heating And Cooling,3,6
Heating,Sector,Combined Heat,1,6
Heating,Sector,Cooking And Heating,1,6
Heating,Sector,Combined Cooking And Heating,1,6
Infrastructure,Infrastructure,Existing Infrastructure,2,2
Infrastructure,Infrastructure,New Infrastructure,1,2
Infrastructure,Infrastructure,Infrastructure Upgrades,1,2
Infrastructure,Infrastructure,Infrastructure Building,1,2
Infrastructure,Infrastructure,Transport Infrastructure,1,2
Infrastructure,Infrastructure,Technology And Infrastructure,1,2
System Costs,Metric,System Management Costs,2,4
Estlink-2 Cable Outage,Infrastructure,Estlink 2,1,2
Estlink-2 Cable Outage,Infrastructure,Estlink 2 Cable,1,2
Advanced Monitoring,Technology,Advanced Monitoring And Early-Detection Systems,1,1
Industrysector,Sector,Industrialsector,2,2
Industrysector,Sector,Industryandenergysector,1,2
Lightindustries,Sector,Light Industries,1,1
Electrification Of End Uses,Policy,Electrification Of End-Use Sectors,1,1
World Economy,Sector,Global Economy,1,2
Cooling,Technology,Cooling Technology,1,7
Transport,Sector,Road Transport,5,22
Transport,Sector,Transportation,1,22
Transport,Sector,Transport Usage,1,22
Heating Degree Days,Metric,Cooling Degree Days,2,3
Heating Degree Days,Metric,Heatingdegreedays,1,3
Heating Degree Days,Metric,Cooling Degree Days (Cdd),1,3
Heating Degree Days,Metric,Cooling And Heating Degree Days 2025,1,3
Heating Degree Days,Metric,Heatingdegreedaysfirstfivemonths2025,1,3
Heating Degree Days,Metric,Increased Cooling Degree Days (Cdds),1,3
End-Use,Sector,End-Users,1,1
Sub-Saharan Africa,Region,Sub-Saharan Africa Excl. South Africa,1,15
Monthly Consumption July 2025,Metric,Monthly Consumption August 2025,1,1
Charging Infrastructure,Infrastructure,Ev Charging Infrastructure,2,3
Charging Infrastructure,Infrastructure,Ev Charging Stations,1,3
Charging Infrastructure,Infrastructure,Ev Public Charging Stations,1,3
Renewable Ipps,Sector,Solar Pv Manufacturers,4,4
Renewable Ipps,Sector,Pv Manufacturing,2,4
Renewable Ipps,Sector,Solar Pv Industry,2,4
Renewable Ipps,Sector,Renewable Energy Companies,2,4
Renewable Ipps,Sector,Renewable Electricity Producers,2,4
Renewable Ipps,Sector,Oil Companies,1,4
Renewable Ipps,Sector,Power Producers,1,4
Renewable Ipps,Sector,Solar Companies,1,4
Renewable Ipps,Sector,Energy Companies,1,4
Renewable Ipps,Sector,Major Pv Manufacturers,1,4
Renewable Ipps,Sector,National Oil Companies,1,4
Renewable Ipps,Sector,Independent Power Producers,1,4
Renewable Ipps,Sector,International Oil Companies,1,4
Renewable Ipps,Sector,Photovoltaic (Pv) Manufacturing,1,4
Renewable Ipps,Sector,Solar Pv Manufacturing Companies,1,4
Renewable Ipps,Sector,Commercial Solar Pv Applications,1,4
Renewable Ipps,Sector,Solar Pv Integrated Manufacturing,1,4
Renewable Ipps,Sector,Residential Solar Pv Applications,1,4
Renewable Ipps,Sector,Middle Eastern National Oil Companies,1,4
Renewable Ipps,Sector,Renewable Energy Independent Power Producer,1,4
Renewable Ipps,Sector,Renewable Independent Power Producers (Ipps),1,4
Renewable Ipps,Sector,Renewables-Focused Independent Power Producers,1,4
Renewable Ipps,Sector,Electricity-Intensive Manufacturing Of Solar Pv Modules And Batteries,1,4
New Energy Vehicles,Technology,New Energy Products,1,3
Guangdongprovince,Region,Guangdong Province,1,1
Non-Ferrous Metals,Sector,Ten Kinds Of Non-Ferrous Metals,1,1
National Development And Reform Commission,Policy,National Development And Reform Commission (Ndrc),2,5
National Development And Reform Commission,Policy,Ndrc,1,5
National Development And Reform Commission,Policy,National Development And Reform Commission (The People’S Republic Of China),1,5
Pv Modules,Technology,Solar Pv Components,1,1
2024-12-31,Timeframe,31 December 2027,1,1
Plastics,Sector,Plastic Products,1,1
Plastics,Sector,Plastics And Fibres,1,1
Households,Sector,Households Sector,1,9
Households,Sector,Households And Businesses,1,9
Summer,Timeframe,Summer Months,1,2
Summer,Timeframe,May-July Period,1,2
Monsoon,Timeframe,Monsoon Season,1,2
Post-Monsoon,Timeframe,Post-Monsoon Period,1,1
2017,Timeframe,Year 2017,2,16
Northern Region,Region,Northeastern Region,6,10
Eastern Region,Region,North Eastern Region,1,7
Transmission Capacity,Metric,Transmission Constraints,2,3
Transmission Capacity,Metric,Transmission Level Constraints,1,3
Transmission Capacity,Metric,Inter-State Transmission Capacity,1,3
Transmission Capacity,Metric,Intra-State Transmission Capacity,1,3
Transmission Capacity,Metric,Transmission Level Capacity Limits,1,3
Record-High Met Peak Load Nr June 2025,Metric,Record-High Met Peak Load Er July 2025,1,1
Record-High Met Peak Load Nr June 2025,Metric,Record-High Met Peak Load Sr March 2025,1,1
Record-High Met Peak Load Nr June 2025,Metric,Record-High Met Peak Load Wr February 2025,1,1
Annual Demand,Metric,Annual National Demand,1,1
Time-Of-Use Pricing,Policy,Time Of Day Tariffs,1,2
Time-Of-Use Pricing,Policy,Time-Of-Day Tariffs,1,2
Time-Of-Use Pricing,Policy,Time-Of-Use Tariffs,1,2
Time-Of-Use Pricing,Policy,Time Of Day (Tod) Tariffs,1,2
Electricity Act 2023,Policy,"Electricity (Rights Of Consumers) Amendment Rules, 2023",1,1
Smart Meters,Technology,Smart Meter Roll-Out,1,8
Smart Meters,Technology,Smart Meter Deployment,1,8
Smart Meters,Technology,Smart Bidirectional-Metering Roll-Out,1,8
Irrigation Pumps,Technology,Electric Irrigation Pumps,1,1
2025 Summer Heatwaves,Metric,Weather Conditions 2024,1,1
2025 Summer Heatwaves,Metric,Weather Conditions 2025,1,1
2025 Summer Heatwaves,Metric,Summer Temperatures 2024,1,1
2025 Summer Heatwaves,Metric,Summer Temperatures 2025,1,1
Nuclear Capacity,Infrastructure,Nuclear Generation Capacity,1,1
Interconnections,Infrastructure,Interconnectors,2,5
Interconnections,Infrastructure,New Interconnections,1,5
Interconnections,Infrastructure,Regional Interconnectors,1,5
Interconnections,Infrastructure,Interconnection Capacity,1,5
Interconnections,Infrastructure,Inter-State Interconnections,1,5
Interconnections,Infrastructure,Interconnections With Sufficient Export Capacity,1,5
Cooling Needs,Metric,Cooling Needs In India,1,1
Nuclear Generation In China,Metric,China'S Share Of Global Nuclear Generation,1,1
Nuclear Generation In China,Metric,United States' Share Of Global Nuclear Generation,1,1
Nuclear Generation In China,Metric,European Union'S Share Of Global Nuclear Generation,1,1
Small Modular Reactors,Technology,Small Modular Reactors (Smrs),2,3
Vre Share,Metric,Vre Share 2024,1,3
Vre Share,Metric,Vre Share 2030,1,3
Vre Share,Metric,Vre Generation Share,1,3
Vre Share,Metric,Vre Share In Electricity Mix,1,3
Vre Share,Metric,Vre Share In Total Generation,1,3
Vre Share,Metric,Annual Vre Shares In Generation,1,3
Vre,Energysource,Vre Generation,2,19
Flexible Supply,Technology,Flexibility Of Supply,1,4
Grid Capacity,Metric,Hosting Capacity,4,4
Grid Capacity,Metric,Grid Hosting Capacity,2,4
Grid Capacity,Metric,Non-Firm Capacity,1,4
Grid Capacity,Metric,Grid Firm Capacity,1,4
Grid Capacity,Metric,Excess Grid Capacity,1,4
Grid Capacity,Metric,Non-Firm Grid Capacity,1,4
Grid Capacity,Metric,Global Additional Grid Hosting Capacity,1,4
System Operators,Sector,System Operator,1,6
System Operators,Sector,System Services,1,6
System Operators,Sector,System Operations,1,6
Renewable Energy Projects,Sector,Renewable Projects,1,2
Renewable Energy Projects,Sector,Renewable Developers,1,2
Renewable Energy Projects,Sector,Renewable Power Projects,1,2
Large Loads,Sector,Commercial Loads,2,4
Large Loads,Sector,Large Industrial Loads,2,4
Large Loads,Sector,Large-Load Projects,1,4
Time Frame 1 To 5 Years,Timeframe,Time Frame 1 To 3 Years,1,1
Time Frame 1 To 5 Years,Timeframe,Time Frame 1 To 2 Years,1,1
Time Frame 1 To 5 Years,Timeframe,Time Frame 5 To 15 Years,1,1
Past Five Years,Timeframe,Five Years Ago,1,2
Past Five Years,Timeframe,Last Five Years,1,2
Grid Reliability,Metric,Grid Safety And Reliability,1,3
Dynamic Transformer Rating,Technology,Dynamic Transformer Rating (Dtr),1,4
Topology Optimisation,Technology,Topology Optimisation (To),1,3
Topology Optimisation,Technology,Topology Optimisation Software,1,3
Storage As A Transmission Asset,Technology,Storage As A Transmission Asset (Sata),2,2
Grid User,Sector,Grid Operator,2,2
Grid User,Sector,Grid Operations,2,2
Grid User,Sector,Grid Users,1,2
Grid User,Sector,Grid Operators,1,2
Generators,Sector,Generator,1,2
Congestion-Management Tools,Policy,Congestion Management Tools,1,1
Congestion-Management Tools,Policy,Congestion Payment Mechanism,1,1
Congestion-Management Tools,Policy,Congestion Management Procedures,1,1
Congestion-Management Tools,Policy,Congestion Management Mechanisms,1,1
Capacity Market,Policy,Competitive Auctions,6,6
Capacity Market,Policy,Firm-Capacity Auctions,4,6
Capacity Market,Policy,Hybrid Auctions,3,6
Capacity Market,Policy,Grid Capacity Auctions,3,6
Capacity Market,Policy,Market-Based Procurement,3,6
Capacity Market,Policy,Renewable Energy Auctions,2,6
Capacity Market,Policy,Firm-Capacity Renewable Energy Auctions,2,6
Capacity Market,Policy,Firm-Capacity Auction,1,6
Capacity Market,Policy,Market-Based Auctions,1,6
Capacity Market,Policy,Market-Based Approach,1,6
Capacity Market,Policy,Price-Based Mechanisms,1,6
Capacity Market,Policy,Grid Allocation Market,1,6
Capacity Market,Policy,Hybrid Project Auctions,1,6
Capacity Market,Policy,Feed-In-Premium Auctions,1,6
Capacity Market,Policy,Capacity Market Auctions,1,6
Capacity Market,Policy,Renewable Capacity Auction,1,6
Capacity Market,Policy,Grid Access Prioritisation,1,6
Capacity Market,Policy,Auctions With Firm Capacity,1,6
Capacity Market,Policy,T-4 Capacity Market Auction,1,6
Capacity Market,Policy,T-1 Capacity Market Auction,1,6
Capacity Market,Policy,Standalone Solar Pv Auctions,1,6
Capacity Market,Policy,Green Energy Auction Program,1,6
Capacity Market,Policy,Solar Pv And Storage Auctions,1,6
Capacity Market,Policy,Green Energy Auction – Round 4,1,6
Capacity Market,Policy,New Auctions For Grid Capacity,1,6
Capacity Market,Policy,Capacity Markets For Generation,1,6
Capacity Market,Policy,Provincial Competitive Auctions,1,6
Capacity Market,Policy,Green Energy Auction Program (Geap),1,6
Capacity Market,Policy,Grid Capacity Auction/Prioritisation,1,6
Capacity Market,Policy,Green Energy Auction Round 3 (Gea-3),1,6
Capacity Market,Policy,Green Energy Auction Round 4 (Gea-4),1,6
Capacity Market,Policy,Utility-Scale Renewables Auction Programme,1,6
Capacity Market,Policy,Long-Term Decarbonised Power Source Auction,1,6
Capacity Market,Policy,Firm-Capacity Auctions For Solar Pv And Wind,1,6
Capacity Market,Policy,Auction Programme For Utility-Scale Renewables,1,6
Capacity Market,Policy,Shift From Feed-In Tariffs To Competitive Auctions,1,6
Grid Capacity Requirements,Policy,Grid Connection Constraints,1,1
Grid Capacity Requirements,Policy,Physical Grid Connection Requirements,1,1
C&S America,Region,S&C America,1,1
C&S America,Region,C And S America,1,1
Storage Plants,Infrastructure,Storage Batteries,1,1
Storage Plants,Infrastructure,Battery Storage Plants,1,1
Grid Congestion,Metric,Grid Congestion Management,1,5
Medium-Voltage Level,Infrastructure,Medium-Voltage Network,1,1
Network Operators,Sector,Distribution Network Operators,1,1
Vre Penetration,Metric,High Vre Penetration,1,2
Midday Solar Pv Peaks,Metric,Peak Solar Generation,1,1
Available Flexibility,Metric,Flexibility Resources,1,1
Available Flexibility,Metric,Flexibility Opportunities,1,1
Redispatch,Policy,Market-Based Redispatch,2,2
Redispatch,Policy,Redispatching,1,2
Redispatch,Policy,Ex-Post Redispatch,1,2
Redispatch,Policy,Cost-Based Redispatch,1,2
Curtailment Is Fixed,Metric,Curtailment Is Foreseen,2,2
Curtailment Is Fixed,Metric,Curtailment Is Scheduled,2,2
Curtailment Is Fixed,Metric,Curtailment Is Unforeseen,2,2
Curtailment Is Fixed,Metric,Curtailment Rate,1,2
Curtailment Is Fixed,Metric,Curtailment Costs,1,2
Curtailment Is Fixed,Metric,Curtailment Risks,1,2
Curtailment Is Fixed,Metric,Curtailment Levels,1,2
Curtailment Is Fixed,Metric,Curtailment Periods,1,2
Curtailment Is Fixed,Metric,Wind Curtailment 2024,1,2
Curtailment Is Fixed,Metric,Wind Curtailment Rate,1,2
Curtailment Is Fixed,Metric,Solar Pv Curtailments,1,2
Curtailment Is Fixed,Metric,Solar Curtailment Rate,1,2
Curtailment Is Fixed,Metric,Curtailment Uncertainty,1,2
Curtailment Is Fixed,Metric,Solar Pv Curtailment 2024,1,2
Curtailment Is Fixed,Metric,Wind Onshore Curtailments,1,2
Curtailment Is Fixed,Metric,Renewable Power Curtailment,1,2
Curtailment Is Fixed,Metric,Renewable Energy Curtailment,1,2
Curtailment Is Fixed,Metric,Curtailment For Wind In 2024,1,2
Curtailment Is Fixed,Metric,Wind Generation Curtailment 2024,1,2
Curtailment Is Fixed,Metric,Curtailment For Solar Pv In 2024,1,2
Curtailment Is Fixed,Metric,Annual Curtailment Rate Less Than 3%,1,2
Curtailment Is Fixed,Metric,Solar Pv Curtailments In Germany 2024,1,2
Curtailment Is Fixed,Metric,Renewable Energy Curtailment Threshold,1,2
Curtailment Is Fixed,Metric,Renewable Energy Curtailment Volumes 2024,1,2
Curtailment Is Fixed,Metric,Wind Onshore Curtailments In Germany 2024,1,2
Curtailment Is Fixed,Metric,Wind Generation Curtailment First Four Months 2025,1,2
"Capacity Limits Are Dynamic, Time-Varying",Metric,Time-Varying Capacity Limits,1,2
Locational Marginal Pricing,Policy,Nodal Pricing,2,3
Locational Marginal Pricing,Policy,Locational Marginal Pricing (Nodal Prices),2,3
Grid Utilisation,Metric,Grid Flexibility,1,1
Revenues,Metric,Tax Revenues,1,1
Revenues,Metric,Merchant Revenues,1,1
Revenues,Metric,Government Revenues,1,1
Last In First Out (Lifo),Policy,"Last In, First Out (Lifo)",1,1
Australia'S Nem,Region,"Australia, Nem",1,2
Australia'S Nem,Region,Australia’S Nem,1,2
Australia'S Nem,Region,Australia (Nem),1,2
Directive (Eu) 2024/1711,Policy,European Union Directive 2024/1711,1,2
European Grid Package,Policy,European Grids Package,1,2
European Grid Package,Policy,Synchronization With Europe Grid,1,2
European Grid Package,Policy,European Grids Package December 2025,1,2
Queue Reform,Policy,Queue Management,1,1
Prioritising Projects,Policy,Prioritisation Framework,1,1
Prioritising Projects,Policy,Priority For Ready-To-Build Projects,1,1
System Needs,Metric,Expected Contribution To System Needs,1,1
Large Loads Frameworks,Policy,Large Load Connection Frameworks,1,1
First-Come-First-Served Approach,Policy,First-Ready-First-Served Approach,1,1
First-Come-First-Served Approach,Policy,"First-Come, First-Served Principle",1,1
First-Come-First-Served Approach,Policy,"First-Ready, First-Served Principle",1,1
Milestone-Based Approaches,Policy,Milestone-Based Project Tracking,1,1
50Hertz,Infrastructure,Tso 50Hertz,1,1
Renewable Energy Zone Access Scheme,Policy,Southwest Renewable Energy Zone Access Scheme,1,1
Renewable Energy Zone Access Scheme,Policy,South West Renewable Energy Zone Access Scheme,1,1
Definitive Planning Phase (Dpp),Policy,United States (Miso) Definitive Planning Phase (Dpp),1,1
Load,Sector,Loads,1,1
Caiso,Region,United States (Caiso),1,5
Data Centre Connection Requests In Brazil 2025,Metric,Data Centre Connection Requests In Australia 2025,1,1
Data Centre Connection Requests In Brazil 2025,Metric,Data Centre Connection Requests In United States 2025,1,1
Data Centre Connection Requests In Brazil 2025,Metric,Data Centre Connection Requests Materialising In Brazil,1,1
Data Centre Connection Requests In Brazil 2025,Metric,Data Centre Connection Requests Materialising In Australia,1,1
Data Centre Connection Requests In Brazil 2025,Metric,Data Centre Connection Requests Materialising In United States,1,1
Ferc,Policy,Federal Energy Regulatory Commission (Ferc),2,3
High-Voltage Lines,Infrastructure,High-Voltage Lines Maintenance,1,1
Substations,Infrastructure,Substation Equipment,1,3
Sub-National Zonal Prices,Policy,Zonal Pricing,1,2
Connection Rated For Maximum Capacity,Infrastructure,Connection Rated For Available Grid Capacity,1,1
Project Developers,Sector,Developers,1,5
Project Developers,Sector,Project Developer,1,5
Electricity Volumes,Metric,Generated Electricity Volumes,1,1
Investment,Metric,Investment Costs,1,1
Technology Solutions,Technology,Proven Technological Solutions,1,1
Grid Zone Planning,Policy,Strategic Grid Planning,1,1
750+ Kv,Infrastructure,70-220 Kv,1,1
750+ Kv,Infrastructure,220-750 Kv,1,1
High Case,Timeframe,Price-Driven High Case,1,5
Colder Climates,Region,Warmer Climates,1,1
North,Region,Northern England,1,1
North,Region,North Of England,1,1
Victoria To New South Wales Interconnector,Infrastructure,South Australia-New South Wales Interconnector,1,1
Emerging Technologies,Technology,Emerging Technological Capabilities,1,3
Ips/Ups,Infrastructure,Ips/Ups Grid,1,1
Evs,Technology,Ev,1,8
Demand Response Programmes,Policy,Commercial Demand-Response Programmes,2,2
Demand Response Programmes,Policy,Wholesale Demand Response Mechanism,1,2
Financial Incentives,Policy,Federal Incentives,2,4
Financial Incentives,Policy,Tax Incentives,1,4
Financial Incentives,Policy,Federal Production Incentives,1,4
Financial Incentives,Policy,Policies And Financial Incentives,1,4
Financial Incentives,Policy,Tax Incentives Restrictions In United States,1,4
Utilities,Sector,Utility,1,14
Utilities,Sector,Gas Utilities,1,14
Utilities,Sector,Utilities/Suppliers,1,14
System Resilience,Metric,Power System Resilience,1,2
Demand Response Potential,Metric,Demand Response Utilisation,2,2
Demand Response Potential,Metric,Demand Response Capacity,1,2
Demand Response Potential,Metric,Price-Adjusted Demand Response,1,2
Demand Response Potential,Metric,Explicit Demand Response Capacity,1,2
Demand Response Potential,Metric,Currently Utilised Demand Response,1,2
Demand Response Potential,Metric,Additional Price-Driven Demand Response,1,2
Market Frameworks,Policy,Institutional And Market Frameworks Review,1,1
Economically Viable Potential,Metric,Economically-Viable Potential,1,1
Technically Enabled Potential,Metric,Technically-Enabled Potential,1,1
Manufacturing,Sector,Manufacturing Industries,1,3
Controllable Devices,Technology,Controllable Appliances,1,1
Controllable Devices,Technology,Controllable Technologies,1,1
Regulatory Barriers,Policy,Technical Barriers,1,3
Regulatory Barriers,Policy,Regulatory Challenges,1,3
Aggregated Loads,Technology,Aggregation Of Small Loads,1,1
Ev Charging,Technology,Smart-Charged Evs,1,1
Ev Charging,Technology,Smart Ev Chargers,1,1
Ev Charging,Technology,Smart Charging Systems,1,1
Ev Charging,Technology,Smart Charging Of Electric Vehicles,1,1
Ancillary Services,Sector,Ancillary Service Providers,1,8
Dynamic Tariffs,Policy,Time-Varying Retail Tariffs,1,1
Dr Programmes,Policy,National Dr Programmes,1,1
Dr Programmes,Policy,Residential Dr Programmes,1,1
Supplier Consent,Policy,Retail Supplier Consent,1,1
Balancing Market,Sector,Wholesale Or Balancing Markets,1,2
Integration Costs,Metric,Public And System Integration Costs,1,1
Price Signals,Policy,Stronger Price Signals,1,3
Smaller Consumers,Sector,Smaller Customers,1,1
Smaller Consumers,Sector,Smaller Retailers,1,1
Capacity Services,Sector,Capacity Provision,1,1
Eu-Wide Network Code On Demand Response,Policy,Acer Draft Eu-Wide Network Code On Demand Response March 2025,1,1
Smart Meter Rollouts,Policy,Faster Smart-Meter Rollout,1,2
3.7 Gwh Downward Demand Response,Metric,5.4 Gwh Demand Response Procured,1,1
3.7 Gwh Downward Demand Response,Metric,3.9 Gwh Demand Response Delivered,1,1
2026 Delivery Year,Timeframe,2027 Delivery Year,1,1
2026 Delivery Year,Timeframe,Fy 2028 Delivery Year,1,1
2026 Delivery Year,Timeframe,Fy 2025 Delivery Year,1,1
Solar Sharer Offer,Policy,Solar Sharer,1,2
Ministry Of Power,Policy,Ministry Of Energy,2,2
Ministry Of Power,Policy,Ministry Of New And Renewable Energy,1,2
Ministry Of Power,Policy,Ministry Of Petroleum And Natural Gas,1,2
Distribution Companies,Sector,Electricity Distribution Companies,1,1
Abu Dhabi Department Of Energy,Sector,Abu Dhabi’S Department Of Energy,1,1
Peak Demand Reduction 106 Mw,Metric,Peak Demand Reduction 210 Mw,1,1
Victoria,Region,"Victoria, Australia",1,7
Battery Storage Project Costs,Metric,Utility-Scale Battery Project Costs,1,1
Utility-Scale Battery Storage Additions,Metric,10 Gwh Utility-Scale Battery Storage 2028,1,1
Utility-Scale Battery Storage Additions,Metric,1.3 Gwh Battery Storage 8 Hours Or More 2028,1,1
Utility-Scale Battery Storage Additions,Metric,Global Utility-Scale Battery Installed Capacity,1,1
Utility-Scale Battery Storage Additions,Metric,Global Battery Storage Additions In Power Sector,1,1
Utility-Scale Battery Storage Additions,Metric,Total Installed Utility-Scale Battery Storage Capacity,1,1
Utility-Scale Battery Storage Additions,Metric,Utility-Scale Battery Capacity As A Share Of Peak Load,1,1
Utility-Scale Battery Storage Additions,Metric,Utility-Scale Battery Storage Capacity Relative To Peak Load,1,1
Utility-Scale Battery Storage Additions,Metric,Ratio Of Installed Utility-Scale Battery Storage To Peak Load,1,1
Utility-Scale Battery Storage Additions,Metric,Installed Capacity Of Battery Energy Storage Systems Larger Than 1 Mw,1,1
Battery Duration,Metric,Average Battery Size,1,1
Battery Duration,Metric,Average Battery Duration,1,1
Behind-The-Meter Battery Storage,Infrastructure,Battery Projects In Europe,1,2
Behind-The-Meter Battery Storage,Infrastructure,Eraring Battery Storage System,1,2
Behind-The-Meter Battery Storage,Infrastructure,Battery Energy Storage Project,1,2
Behind-The-Meter Battery Storage,Infrastructure,Battery Energy Storage Projects,1,2
Behind-The-Meter Battery Storage,Infrastructure,Utility-Scale Battery Storage Project,1,2
Behind-The-Meter Battery Storage,Infrastructure,High-Voltage Battery Storage Capacity,1,2
Behind-The-Meter Battery Storage,Infrastructure,24/7 Solar And Battery Storage Project,1,2
Behind-The-Meter Battery Storage,Infrastructure,100 Mw Solar Project With Battery Storage,1,2
Behind-The-Meter Battery Storage,Infrastructure,World'S Largest Grid-Scale Battery Storage Project,1,2
Behind-The-Meter Battery Storage,Infrastructure,Large Project Pipelines For Utility-Scale Batteries,1,2
1 000 Mw Battery Storage System,Technology,4 000 Mwh Battery Storage System,1,1
National Electricity Market Of Australia,Region,Australia'S National Electricity Market,1,2
Average Duration 1.5 Hours 2024,Metric,Average Duration 2.5 Hours 2027,1,1
Average Duration 1.5 Hours 2024,Metric,Average Duration 2.1 Hours 2021,1,1
Average Duration 1.5 Hours 2024,Metric,Average Duration 2.6 Hours 2025,1,1
Resource Adequacy Rules,Policy,Resource Adequacy Scheme,1,1
Resource Adequacy Rules,Policy,Resource Adequacy Programme,1,1
Resource Adequacy Rules,Policy,Resource Adequacy Framework,1,1
Resource Adequacy Rules,Policy,Resource Adequacy Obligations,1,1
Energy Shifting,Technology,Day-Ahead Energy Shifting,2,4
Energy Shifting,Technology,Intraday Energy Shifting,1,4
Forecasting Errors,Metric,Forecast Inaccuracies,1,2
System Balancing,Metric,System-Balancing Capabilities,1,1
Spot Market,Policy,Spot Market Procurement,2,4
Price Risks,Metric,Market Volatility,1,1
Price Risks,Metric,Price Volatility Risks,1,1
Price Stability,Metric,Stable Price Environment,1,1
Contracts For Difference,Policy,Cfd Auction 2025,1,5
Contracts For Difference,Policy,Cfd Auction Design,1,5
Contracts For Difference,Policy,Contracts-For-Difference,1,5
Contracts For Difference,Policy,Contracts-For-Difference (Cfd),1,5
Contracts For Difference,Policy,Contract For Differences (Cfds),1,5
Contracts For Difference,Policy,Contracts For Difference (Cfds),1,5
Contracts For Difference,Policy,Two-Sided Contracts For Difference,1,5
Contracts For Difference,Policy,Contract-For-Difference (Cfd) Auction,1,5
Contracts For Difference,Policy,Two-Way Contracts For Difference (Cfds),1,5
Contracts For Difference,Policy,Auction-Based Contract-For-Difference System,1,5
Contracts For Difference,Policy,Contracts For Difference (Cfds) Policy Change,1,5
Capital-Based Investment Support,Policy,Financial Support,1,2
Capital-Based Investment Support,Policy,Financial And Technical Support,1,2
Capital-Based Investment Support,Policy,Financial Support For Investments,1,2
Modernisation Fund,Policy,Modernisation Programme,1,1
Two-Sided Cfds,Policy,One-Sided Cfds,2,3
Two-Sided Cfds,Policy,Capability-Based Cfd,1,3
Two-Sided Cfds,Policy,Two-Way Cfd Style Operating Support,1,3
Nextera Energy Inc,Sector,Nextera Energy Resources,1,1
Capacity Credit,Metric,Capacity Payment,1,1
Fast Frequency Response Services,Technology,Fast Frequency Service,1,2
Fast Frequency Response Services,Technology,Fast Frequency Response,1,2
Fast Frequency Response Services,Technology,Frequency Control Services,1,2
Fast Frequency Response Services,Technology,Fast Frequency Response (Ffr),1,2
Inertia Procurement,Policy,Market Based Procurement Of Inertia,1,1
Fixed-Price Remuneration,Policy,Fixed-Price Scheme,1,2
Upstream Operations,Sector,Upstream Project,1,3
Upstream Operations,Sector,Upstream Segment,1,3
Upstream Operations,Sector,Oil And Gas Upstream Activity,1,3
Lead Times,Metric,Construction Lead Times,1,1
New York,Region,New York City,1,8
New York,Region,New York State,1,8
Dispatchable Generators,Energysource,Dispatchable Renewables,1,1
Voltage Control,Metric,Voltage Regulation,1,1
Very Low Net Load Period,Metric,Very Low Net Load Periods,1,1
Solar Peak Act,Policy,Solar Peak Act February 2025,1,1
Solar Peak Act,Policy,Solarspitzengesetz (Solar Peak Act),1,1
Pumped Hydro Storage,Technology,Pumped-Storage Hydro,1,3
Pumped Hydro Storage,Technology,Pumped-Storage Projects,1,3
Minimum Operational Demand,Metric,Minimum Operational Level Of Demand,1,1
Voltage Instability,Metric,Voltage Waveform Stability,1,1
Eu Ets Carbon Prices,Metric,Eu Emissions Trading System (Eu-Ets) Prices,1,1
Nordics,Region,Nordic Countries,1,3
Hydropower 2025 France,Energysource,Nuclear Power 2025 France,1,1
Hydropower 2025 France,Energysource,France'S Nuclear Power Generation,1,1
Henry Hub Prices,Metric,Henryhubprices,1,2
Henry Hub Prices,Metric,Henryhubpricesq1Q32025,1,2
Henry Hub Prices,Metric,Henry Hub Prices Q2-Q3 2025,1,2
Henry Hub Prices,Metric,Henry Hub Prices Q2-Q3 2024,1,2
Henry Hub Prices,Metric,Us Henry Hub Natural Gas Spot Prices,1,2
Energy Information Administration’S Short-Term Outlook,Policy,Energy Information Administration’S (Eia) Short-Term Energy Outlook Price Projections,1,1
Platts Jkm,Metric,Platts Jkm Prices,2,2
European Central Bank,Policy,Monetary Policy,1,2
European Central Bank,Policy,Monetary Policy United States,1,2
European Central Bank,Policy,European Central Bank Monetary Policy,1,2
Affordable Energy Action Plan,Policy,Affordable Energy,1,2
Affordable Energy Action Plan,Policy,Eu Affordable Energy Action Plan,1,2
Affordable Energy Action Plan,Policy,Action Plan For Affordable Energy,1,2
Affordable Energy Action Plan,Policy,Pillar I Of Action Plan For Affordable Energy,1,2
Renewables Obligation,Policy,Renewable Portfolio Standard,2,2
Renewables Obligation,Policy,Portfolio Standards,1,2
Renewables Obligation,Policy,Energy Company Obligation,1,2
Renewables Obligation,Policy,Renewable Volume Obligations,1,2
Renewables Obligation,Policy,Renewable Portfolio Standards,1,2
Renewables Obligation,Policy,Renewable Portfolio Standard (Rps),1,2
Renewables Obligation,Policy,Renewable Portfolio Standards Enforcement,1,2
Renewables Obligation,Policy,State-Level Renewable Portfolio Standards,1,2
Renewables Obligation,Policy,State-Level Renewable Portfolio Obligations,1,2
Renewables Obligation,Policy,State-Driven Renewable Portfolio Or Clean Energy Standards,1,2
Feed-In Tariffs,Policy,Feed-In-Tariffs,2,4
Feed-In Tariffs,Policy,Feed-In-Tariff (Fit) Policy,2,4
Feed-In Tariffs,Policy,Feed-In Tariffs And Premiums,2,4
Feed-In Tariffs,Policy,Feed-In-Tariff,1,4
Feed-In Tariffs,Policy,Feed-In-Tariff Contracts,1,4
Feed-In Tariffs,Policy,Feed-In-Tariff Programme,1,4
Feed-In Tariffs,Policy,Feed-In-Tariff Scheme Reform,1,4
Feed-In Tariffs,Policy,Feed-In Tariff (Fit) 2022-2030,1,4
Government Surcharges,Metric,Government Surcharges/Taxes,1,2
Government Surcharges,Metric,Government Charges And Taxes,1,2
Western Provinces,Region,Southwestern Regions,1,1
Western Provinces,Region,Southwestern Provinces,1,1
Western Provinces,Region,Western And Southwestern Provinces,1,1
Taxes And Levies,Metric,"Taxes, Levies, Fees And Charges",1,1
Annual Net Earnings Increase For Two-Earner Couple With Two Children In United States 2019-2024,Metric,Annual Net Earnings Increase For Two-Earner Couple With Two Children In European Union 2019-2024,1,1
Inflation Rate In United States 2019-2024,Metric,Inflation Rate In European Union 2019-2024,1,1
H1 2025,Timeframe,H2 2025,1,4
H1 2025,Timeframe,2024 H2,1,4
Vat,Policy,Vat Rate,2,3
Vat,Policy,Vat Exemption,1,3
Blackout On 28 April 2025,Metric,Iberian Blackout 28 April 2025,1,1
Blackout On 28 April 2025,Metric,Spanish-Portuguese Peninsular System Blackout On 28 April 2025,1,1
Internal Power Lines,Infrastructure,Internal Power Lines Reconfiguration,1,1
Continental European Power System,Infrastructure,European Power Grid,1,2
Continental European Power System,Infrastructure,Continental European Electricity System,1,2
North Chile,Region,North Zone Chile,1,1
Two Major Outages In Cuba In 2025,Infrastructure,Mass Outage In Cuba On 10 September 2025,1,1
Island-Wide Blackout In Cuba On 14 March 2025,Infrastructure,Three Nationwide Blackouts In Cuba In Second Half Of 2024,1,1
Island-Wide Blackout In Cuba On 14 March 2025,Infrastructure,Substation Breakdown Near Cuba'S Capital On 14 March 2025,1,1
1 500 Mw Generation Affected In Czech Republic In 2025,Metric,2 700 Mw Consumption Affected In Czech Republic In 2025,1,1
Yucatán Peninsula,Region,"Yucatán Peninsula, Mexico",1,2
Blackouts,Metric,Rolling Blackouts,1,1
Blackouts,Metric,Nationwide Blackout,1,1
Blackouts,Metric,Emergency Blackouts,1,1
50% Year-On-Year Increase In Storage Capacity,Metric,Above 70% Year-On-Year Increase In Storage Volume,1,1
Draft Action Plan,Policy,Draft Action Plan April 2025,1,1
Draft Action Plan,Policy,April 2025 Implementation Plan,1,1
Draft Action Plan,Policy,Draft Action Plan September 2025,1,1
Draft Action Plan,Policy,September 2025 Three-Year Action Plan,1,1
74 Gw Installed Capacity In 2024,Metric,180 Gw Installed Capacity Target By 2027,1,1
Electricity Spot Market,Infrastructure,Wholesale Electricity Spot Market (Wesm),1,1
Spot Markets,Infrastructure,Seven Spot Markets,1,1
Power Market Operation Rules 2025,Policy,Power Market Metering And Settlement Rules 2025,1,1
Power Market Operation Rules 2025,Policy,Electricity Ancillary Services Market Rules 2025,1,1
Power Market Operation Rules 2025,Policy,Medium- And Long-Term Electricity Trading Rules 2025,1,1
Inter-Provincial Network Energy Part Tariff,Policy,Inter-Provincial Network Capacity Part Tariff,1,1
Heat Pump Action Plan,Policy,April 2025 Heat Pump Action Plan,1,1
Heat Pump Action Plan,Policy,National Action Plan On Heat Pump Development,1,1
Heat Pump Action Plan,Policy,Heat Pump Manufacturing And Deployment Action Plan,1,1
Other Non-Res,Energysource,Other Res,5,11
Other Non-Res,Energysource,Res,1,11
Other Non-Res,Energysource,Other Re,1,11
Other Non-Res,Energysource,Non-Hydro Res,1,11
Pm-Surya Ghar: Muft Bijli Yojana,Policy,Pm Surya Ghar: Muft Bijli Yojana,1,1
Geothermal,Energysource,Geothermal Energy,6,20
Geothermal,Energysource,Geothermal Heat,2,20
Geothermal,Energysource,Geothermal Power,1,20
Geothermal,Energysource,Geothermal Resources,1,20
Geothermal,Energysource,Geothermal (Direct Use),1,20
Geothermal,Energysource,Geothermal-Based Heat Generation,1,20
Renewable Expansion,Policy,India Renewable Expansion,1,2
Digital Infrastructure,Infrastructure,Digital Public Infrastructure (Dpi),1,1
Electricity Sector Reform,Policy,Eu Electricity Market Design Reform,2,2
Electricity Sector Reform,Policy,Power Market Reforms,1,2
Electricity Sector Reform,Policy,Electricity Sector Reforms,1,2
Electricity Sector Reform,Policy,State-Level Power Sector Reforms,1,2
Electricity Sector Reform,Policy,Eu Electricity Market Design Reform 2024,1,2
Electricity Sector Reform,Policy,Market Reforms Enabling Regional Power Exchanges,1,2
Electricity Sector Reform,Policy,Electricity Market Reform Regulation (Eu) 2024/1747,1,2
Commercial Use Growth,Metric,Industrial Use Growth,1,1
Coal Fleets,Energysource,Coal Power Fleet,1,1
Perovskites,Technology,Perovskite Solar Cells,1,1
Concentrated Solar Power (Csp),Energysource,Concentrated Solar Power,2,3
Industrial Clusters,Sector,Semiconductor Manufacturing Clusters,1,2
Reserve Margin,Metric,Reserve Margins,1,1
11Th Basic Electricity Supply And Demand Plan,Policy,11Th Basic Plan For Long-Term Electricity Supply And Demand,1,1
Shin Hanul 4,Infrastructure,Shin-Hanul Units 3 And 4,1,1
Smr,Technology,Smr Technologies,1,2
Capacity Investment Scheme (Cis),Policy,Capacity Investment Scheme,1,2
Greenlink Interconnector,Infrastructure,Energyconnect Interconnector,1,2
Electricity Imports,Energysource,Low-Carbon Electricity Imports,1,3
Industry Sector Electrification,Metric,Transport Sector Electrification,1,1
Renewable Power Procurement,Policy,Corporate Renewable Energy Procurement,1,1
Renewable Power Procurement,Policy,Corporate Renewable Energy Supply Scheme,1,1
Net-Metering,Policy,Net Metering,1,1
Net-Metering,Policy,Net-Metering Scheme,1,1
Net-Metering,Policy,Net Metering Incentives,1,1
Net-Metering,Policy,Net Energy Metering Programme,1,1
Net-Metering,Policy,State-Level Net Metering Policies,1,1
Net-Metering,Policy,Distributed Pv Net-Metering Scheme Update,1,1
60 Mt Co2 Emissions,Metric,45-50 Mt Co2 Emissions,1,1
Bess,Technology,Bess Assets,1,4
Hydrogen-Ready Fast-Start Gas Turbine Facility,Technology,Hydrogen-Ready Combined-Cycle Gas Turbine (Ccgt) Unit,1,1
Winter Demand,Metric,Winter Electricity Demand (December-February),1,1
Executive Order January 2025,Policy,January 2025 Executive Order,1,1
Executive Order January 2025,Policy,Executive Orders Jan-Jul 2025,1,1
Total Generation,Metric,Total Renewable Generation,1,7
Total Generation,Metric,Total Electricity Generation,1,7
Average Storage Duration Of Proposed Projects In 2030,Metric,Average Storage Duration Of Projects Under Construction,1,1
Iberdrola’S 2.6 Gw Portfolio,Infrastructure,Iberdrola'S 2.6 Gw Portfolio,1,1
Solar Pv Capacity,Technology,Solar Pv Capacity In Europe,1,2
Energy Transition,Policy,Energy Transition Law,1,1
Southern Europe,Region,Southern European Economies,1,3
France & Spain,Region,France And Spain,1,1
Automotive Sector,Sector,Eu Automotive Sector,1,1
Motor Vehicles Production 2025,Metric,Motor Vehicles Production 2019,1,1
Eu Co2 Emissions Standards 2025,Policy,Co2 Emission Standards For New Cars And Vans 2025,1,1
Revised Energy Performance Of Buildings Directive,Policy,Revised Building Energy Act,1,2
Revised Energy Performance Of Buildings Directive,Policy,Energy Performance Of Buildings Directive 2024 Recast,1,2
Clean Industrial Deal,Policy,Clean Industrial Deal February 2025,1,4
Clean Industrial Deal,Policy,Clean Industrial Deal State Aid Framework June 2025,1,4
Industrial Accelerator Act,Policy,Industrial Decarbonisation Accelerator Act,1,1
Hourly Trading Intervals,Metric,15-Minute Trading Intervals,1,1
Renewables Integration,Policy,Renewable Integration Challenges,1,2
Renewables Integration,Policy,Flexibility For Variable Renewables Integration,1,2
Vehicle Electrification,Technology,Transport Electrification,1,1
Vehicle Electrification,Technology,Electrification Of Transport,1,1
Vehicle Electrification,Technology,Electrification In Transport Sector,1,1
Pluriannual Energy Programme (Ppe),Policy,Pluriannual Energy Programme (Ppe3),1,1
Pluriannual Energy Programme (Ppe),Policy,"Pluriannual Energy Programme, 2025-2035 (Ppe3)",1,1
Net Billing,Policy,Net-Billing,1,2
Draft Legislative Decree 10 October 2025,Policy,Draft Legislative Decree Dated 10 October 2025,1,1
Heat Electrification,Technology,Electrification Of Industrial Heat,2,3
Heat Electrification,Technology,Electrification Of Heat,1,3
Heat Electrification,Technology,Industrial Electrification,1,3
Heat Electrification,Technology,Electrification Of Space Heating,1,3
Heat Electrification,Technology,Electrification Of Plant Operations,1,3
Heat Electrification,Technology,Electrification Of Industrial Heating,1,3
Heat Electrification,Technology,Electrification Of Residential Heating,1,3
Heat Electrification,Technology,Electrification Of Industrial Processes,1,3
Heat Electrification,Technology,Electrification Of Space And Water Heating,1,3
Heat Electrification,Technology,Partial Electrification Of Industrial Sites,1,3
Heat Electrification,Technology,Electrification Of Industrial Heat Processes,1,3
Wind Output Decline 2025,Metric,Hydropower Output Decline 2025,1,1
Aboño Power Plant,Infrastructure,Aboño Power Plant Conversion,1,1
Investment In Grids,Policy,Investment In Grid Infrastructure,1,1
Offshore Wind Tenders,Policy,Tenders For Offshore Wind Projects,1,1
Russia’S Invasion Of Ukraine,Policy,Russian Full-Scale Invasion,1,2
Russia’S Invasion Of Ukraine,Policy,Russia’S Full-Scale Invasion Of Ukraine,1,2
Electricity Exports,Metric,Electricity Exports To Iran,1,2
Fossil-Based Thermal Generation Share,Metric,Fossil Fuel-Based Electricity Generation,1,1
Acwa Power,Sector,Acwa Power Company,1,3
Master Gas System (Mgs) Plan,Policy,Saudi Aramco’S Master Gas System (Mgs) Plan,1,1
Saudi Aramco,Sector,Aramco,1,5
Jafurah Unconventional Gas Project,Infrastructure,Jafurah Unconventional Resource Play,1,1
Billion Cubic Feet,Metric,Billion Cubic Metres,1,1
Billion Cubic Feet,Metric,Cubic Metres Per Hour,1,1
Billion Cubic Feet,Metric,Cubic Metres Per Year,1,1
Billion Cubic Feet,Metric,Billion Cubic Feet Per Day,1,1
Billion Cubic Feet,Metric,2 Billion Cubic Feet Per Day,1,1
Billion Cubic Feet,Metric,Billion Cubic Metres Per Year,1,1
Billion Cubic Feet,Metric,450 Million Cubic Feet Per Day,1,1
Billion Cubic Feet,Metric,Billion Cubic Metre Equivalent,1,1
Billion Cubic Feet,Metric,Cubic Metres Per Year Per Hour,1,1
Billion Cubic Feet,Metric,1.7 Billion Cubic Metres Per Year,1,1
Billion Cubic Feet,Metric,Million Standard Cubic Feet Per Day,1,1
6%,Metric,1.2%,1,1
6%,Metric,1.9%,1,1
6%,Metric,4.7%,1,1
6%,Metric,4.6%,1,1
6%,Metric,4.4%,1,1
6%,Metric,4.0%,1,1
6%,Metric,3.9%,1,1
6%,Metric,3.4%,1,1
6%,Metric,3.3%,1,1
6%,Metric,3.2%,1,1
6%,Metric,2.8%,1,1
6%,Metric,3.0%,1,1
6%,Metric,-0.2%,1,1
6%,Metric,-0.7%,1,1
6%,Metric,-0.3%,1,1
Gulf_Electricity_Interconnection_System_Project,Infrastructure,Jordan-Saudi_Electricity_Interconnection_Project,1,1
Uae Energy Strategy 2050,Policy,Uae Net Zero 2050 Strategy,1,2
Oil And Oil Products,Energysource,Oil Products,1,2
900 Mw Project,Infrastructure,900 Mw Power And Water Distillation Plant,1,1
El Dabaa Nuclear Power Plant,Infrastructure,Nuclear Power Plant At El Dabaa,1,1
Load Shedding In South Africa 2025,Metric,Load Shedding In South Africa 2024,1,1
Generation Recovery Plan,Policy,Generation Recovery Plan (Grp),1,1
Generation Recovery Plan,Policy,Eskom Generation Recovery Plan,1,1
Renewable Penetration,Metric,Renewable Energy Penetration,1,1
500 Mw Solar Pv Plant In Aswan,Infrastructure,150 Mw/300 Mwh Battery Energy Storage System At 500 Mw Solar Pv Plant In Aswan,1,1
Noor Midelt Ii And Iii,Infrastructure,Noor Midelt Ii And Iii Project In Morocco,1,2
Urban Areas,Region,Urban Regions,1,3
Urban Areas,Region,Semi-Urban Regions,1,3
Rural Areas,Region,Rural Regions,1,4
Pilot Phase Of Ppi,Policy,Pilot Phase Of The Ppi,1,1
Transmission Expansion,Infrastructure,Uhv Transmission Expansion,1,1
Kengen,Sector,Kengen Plc,1,1
1.16 Mwh Bess,Infrastructure,Bess 10 Mw/20 Mwh,1,1
1.16 Mwh Bess,Infrastructure,Bess 20 Mw/72 Mwh,1,1
1.16 Mwh Bess,Infrastructure,Bess 15 Mw/45 Mwh,1,1
Population,Metric,Us Population,1,2
Solar Plant 30 Mw,Infrastructure,Solar Pv Plant 16 Mw,1,1
Solar Plant 30 Mw,Infrastructure,Solar Pv Plant 60 Mw,1,1
Growth Rate 2023-2024,Metric,Growth Rate 2024-2025,3,3
Growth Rate 2023-2024,Metric,2024-30 Growth,2,3
Growth Rate 2023-2024,Metric,2024-30 Growth Rate,2,3
Growth Rate 2023-2024,Metric,2024-2030 Growth Rate,1,3
Latin America And The Caribbean,Region,Latin America And The Caribbean (Lac),1,1
Latin America And The Caribbean,Region,Latin American Countries And Territories,1,1
South America,Region,Southamerica,1,5
Eswatini,Region,Kingdom Of Eswatini,1,2
St Kitts And Nevis,Region,Saint Kitts And Nevis,1,1
St Lucia,Region,Saint Lucia,1,1
St Vincent And The Grenadines,Region,Saint Vincent And The Grenadines,1,1
Fit,Policy,Fit Policy,1,2
Gpus,Technology,Graphics Processing Units,1,1
Ppa,Policy,Ppas,1,1
G Co2,Metric,G Co2/Kwh,1,1
Gramme Of Carbon Dioxide,Metric,Gramme Of Carbon Dioxide Per Kilowatt Hour,1,1
Kilowatt,Metric,Kilowatt Hour,1,1
Megawatt,Metric,Megawatt-Hour,1,1
Million Tonnes Per Year,Metric,Million Tonnes,2,3
Million Tonnes Per Year,Metric,Tonnes,1,3
Million Tonnes Per Year,Metric,Million Tonnes Per Annum,1,3
Million Tonnes Per Year,Metric,Million Tonnes Of Carbon Dioxide,1,3
Million Tonnes Per Year,Metric,Million Tonnes Of Carbon Dioxide Per Year,1,3
Mt Co2,Metric,Mt Co2/Yr,1,1
Terawatt-Hour,Metric,Terawatt Hour,1,1
Gas 2025 Report,Policy,Gas 2025 Medium-Term Report,1,1
Biomethane,Energysource,Liquefied Biomethane,1,39
Biomethane,Energysource,Compressed Biomethane,1,39
Biomethane,Energysource,Biogas Use In Transport,1,39
Biomethane,Energysource,Biomethane Use In Transport,1,39
Macroeconomic Environment,Metric,Macroeconomic Conditions,1,2
Lng Liquefaction Plants,Infrastructure,Us Lng Projects,2,3
Lng Liquefaction Plants,Infrastructure,Liquefaction Plants,2,3
Lng Liquefaction Plants,Infrastructure,Liquefaction Projects,2,3
Lng Liquefaction Plants,Infrastructure,Lng Liquefaction Projects,2,3
Lng Liquefaction Plants,Infrastructure,Lng Canada,1,3
Lng Liquefaction Plants,Infrastructure,Lng Projects,1,3
Lng Liquefaction Plants,Infrastructure,Lng Export Plants,1,3
Lng Liquefaction Plants,Infrastructure,Us Lng Export Projects,1,3
Lng Liquefaction Plants,Infrastructure,Lng Export Projects In Canada,1,3
Lng Liquefaction Plants,Infrastructure,Liquefaction Plants In North America,1,3
Lng Liquefaction Plants,Infrastructure,Lng Export Projects In The United States,1,3
Upstream Infrastructure,Infrastructure,Upstream Projects,1,2
Upstream Infrastructure,Infrastructure,Downstream Projects,1,2
Upstream Infrastructure,Infrastructure,Upstream Oil Projects,1,2
Midstream Infrastructure,Infrastructure,Midstream Challenges,1,2
Rio Grande T4-5,Infrastructure,Rio Grande Lng Train 4,1,1
Rio Grande T4-5,Infrastructure,Rio Grande Lng Train 5,1,1
Rio Grande T4-5,Infrastructure,Rio Grande Lng Train 4 & 5,1,1
Rio Grande T4-5,Infrastructure,Nextdecade Corporation Rio Grande Lng Train 4,1,1
Port Arthur Phase 2,Infrastructure,Phase 2 Port Arthur Lng Project,1,2
Destination-Flexible Contracts,Policy,Destination-Free Contracts,2,3
Destination-Flexible Contracts,Policy,Destination-Fixed Contracts,2,3
Portfolio Players,Sector,Portfolio_Players,1,10
Methane Leaks,Metric,Methane Leakage,1,2
Gas Processing,Sector,Gas Processing And Transmission,1,1
Liquefaction,Sector,Liquefaction Operations,1,2
Liquefaction,Sector,Lng Liquefaction And Regasification Operations,1,2
Gorgon Lng,Infrastructure,Gorgon Lng Project,1,2
Ras Laffan Co2 Recovery And Sequestration Facility,Infrastructure,Ras Laffan Carbon Hub,1,2
Final Investment Decisions,Metric,Final Investment Decision (Fid),1,1
Sabine Pass T5,Infrastructure,Sabine Pass T6,1,1
Sabine Pass T5,Infrastructure,Sabine Pass T1-2,1,1
Sabine Pass T5,Infrastructure,Sabine Pass T3-4,1,1
Corpus Christi Stage 3 Expansion,Infrastructure,Corpus Christi Stage 3,1,2
Cameron Lng,Infrastructure,Cameron Lng Terminal,1,1
Russianpipedgas,Energysource,Russian Piped Gas,1,1
Russianpipedgas,Energysource,Russian Piped Gas To China,1,1
Russianpipedgas,Energysource,Russian Piped Gas To Europe,1,1
Russianpipedgas,Energysource,Piped Gas Deliveries To Europe,1,1
Russianpipedgas,Energysource,Russia’S Piped Gas Supplies To Europe,1,1
Natural Gas Demand,Sector,Gas Demand,6,11
Natural Gas Demand,Sector,Lng Demand,1,11
Norwegianpipedgas,Energysource,Norwegian Piped Gas,1,1
Gasfiredpowergeneration,Sector,Coalfiredpowergeneration,1,2
Gasfiredpowergeneration,Sector,Gas-Fired Electricity Generation,1,2
Lng Imports In Central And South America,Metric,Natural Gas Consumption In Central And South America,1,1
Tight Gas Output In Argentina,Metric,Natural Gas Demand In Argentina,1,1
Industrial Sector In Argentina,Sector,Residential And Commercial Sectors In Argentina,1,1
Primary Gas Supply In Brazil,Metric,Domestic Gas Production In Brazil,1,1
Offshore Santos Basin,Region,Santos Basin,1,2
Hydropower Output,Metric,Hydropower Output In Brazil,1,1
Russia’S Piped Gas Deliveries,Infrastructure,Pipeline Gas Deliveries From Russia,1,1
Power Of Siberia Pipeline System,Infrastructure,Power Of Siberia Pipeline,3,5
Power Of Siberia Pipeline System,Infrastructure,Power Of Siberia,2,5
Refining,Sector,Refining Sector,5,5
Refining,Sector,European Refineries,5,5
Refining,Sector,Refiners,3,5
Refining,Sector,Refining Industry,3,5
Refining,Sector,Refining And Trade,3,5
Refining,Sector,Oil Refining,2,5
Refining,Sector,Complex Refining,2,5
Refining,Sector,European Refiners,2,5
Refining,Sector,European Refining System,2,5
Refining,Sector,Refiningindustry,1,5
Refining,Sector,Petroleum Refining,1,5
Refining,Sector,Us Refining Activity,1,5
Refining,Sector,Oil Refining Industry,1,5
Refining,Sector,European Refining Activity,1,5
Refining,Sector,Independent Refining Sector,1,5
Refining,Sector,Northwest European Refiners,1,5
City Gas Distribution,Sector,City Gas Supply,1,2
Cng Stations,Infrastructure,Lng Terminals,1,1
Cng Stations,Infrastructure,Cng Infrastructure,1,1
Cng Stations,Infrastructure,Lng Import Terminals,1,1
Cng Stations,Infrastructure,Cng Filling Stations,1,1
Cng Stations,Infrastructure,Lng Filling Stations,1,1
Cng Stations,Infrastructure,Cng Filling Station Networks,1,1
Northwest Europe,Region,Northwestern Europe,2,2
Northwest Europe,Region,Northwest European Markets,1,2
Natural Gas Demand In Industry,Energysource,Natural Gas Consumption In Industry,1,1
Natural Gas Demand In Industry,Energysource,Natural Gas Demand In Buildings Sector,1,1
Freeport Lng,Infrastructure,Freeport Lng Liquefaction Facility,1,2
Arctic Lng 2,Infrastructure,Arctic Lng-2,1,3
Arctic Lng 2,Infrastructure,Russia Arctic Lng 2,1,3
Arctic Lng 2,Infrastructure,Russia'S Arctic Lng 2 Project,1,3
North West Shelf Australia Lng,Infrastructure,North West Shelf Australia Lng Project,1,1
Permian,Region,Permian Region,2,4
Domestic Consumption,Metric,Us Domestic Consumption,1,1
Lng Inflow,Metric,Lng Inflows,1,1
Non-Norwegian Domestic Production,Metric,Non-Norwegian Domestic Natural Gas Production,1,1
Sakarya Field,Infrastructure,Sakarya Field In Türkiye,1,1
Eu Underground Gas Storage,Infrastructure,Us Underground Gas Storage,1,2
42% Deficit,Metric,13% Deficit,1,1
42% Deficit,Metric,26 Bcm Deficit,1,1
42% Deficit,Metric,13 Bcm Deficit,1,1
1 December Deadline,Timeframe,1 November Deadline,1,1
Lng Inventories,Metric,Japan And Korea Lng Inventories,1,1
2024 Levels,Metric,2020 Levels,1,1
5-Year Range,Metric,5-Year Average,1,1
5-Year Range,Metric,Five-Year Average,1,1
5-Year Range,Metric,Five-Year Rolling Average,1,1
Us Underground Storage Inventories,Metric,European Underground Storage Inventories,1,1
Global Financial Crisis 2008,Timeframe,2007-2008 Global Financial Crisis,1,2
Pandemic Period,Timeframe,2020 Pandemic Period,1,1
Feedgas Supply Issues,Policy,Feedgas Issues,1,2
Crude Import Requirements,Metric,Crude Exports,2,3
Crude Import Requirements,Metric,Fuel Import Needs,2,3
Crude Import Requirements,Metric,Net Crude Exports Growth,2,3
Crude Import Requirements,Metric,Pipeline Imports From Russia,2,3
Crude Import Requirements,Metric,Oil Exports,1,3
Crude Import Requirements,Metric,Fuel Imports,1,3
Crude Import Requirements,Metric,Crude Imports,1,3
Crude Import Requirements,Metric,Gasoline Exports,1,3
Crude Import Requirements,Metric,Crude Oil Imports,1,3
Crude Import Requirements,Metric,Crude Oil Exports,1,3
Crude Import Requirements,Metric,Net Crude Exports,1,3
Crude Import Requirements,Metric,Russia Lng Exports,1,3
Crude Import Requirements,Metric,Natural Gas Exports,1,3
Crude Import Requirements,Metric,Kerosene Import Needs,1,3
Crude Import Requirements,Metric,Iranian Crude Exports,1,3
Crude Import Requirements,Metric,Russian Oil Production,1,3
Crude Import Requirements,Metric,Crude Import Dependence,1,3
Crude Import Requirements,Metric,Net Crude Export Position,1,3
Crude Import Requirements,Metric,Middle East Crude Exports,1,3
Crude Import Requirements,Metric,Transport Fuel Dependence,1,3
Crude Import Requirements,Metric,Russian Natural Gas Exports,1,3
Crude Import Requirements,Metric,Crude And Condensate Exports,1,3
Crude Import Requirements,Metric,Electricity Import Dependence,1,3
Crude Import Requirements,Metric,Natural Gas Imports From Russia,1,3
Crude Import Requirements,Metric,Natural Gas Exports From Russia,1,3
Crude Import Requirements,Metric,Transport Fuel Import Dependence,1,3
Crude Import Requirements,Metric,Natural Gas Production In Russia,1,3
Crude Import Requirements,Metric,Electricity Supply Import Dependence,1,3
Crude Import Requirements,Metric,Russia Lng Exports To European Union,1,3
Crude Import Requirements,Metric,Import Requirements For Transport Fuels,1,3
Crude Import Requirements,Metric,Russia Lng Deliveries To European Union,1,3
Crude Import Requirements,Metric,Lng Deliveries From Russia To European Union,1,3
Far East Pipeline,Infrastructure,Far East Pipeline System,1,3
Fid Projects,Infrastructure,Pre-Fid Developments,1,1
Fid Projects,Infrastructure,Pre-Fid Projects 2024,1,1
Fid Projects,Infrastructure,Post-Fid Projects 2024,1,1
Fid Projects,Infrastructure,Projects That Have Reached Fid And/Or Are Under Construction,1,1
Legacy Plants In Africa,Infrastructure,Legacy Plants In Southeast Asia,1,1
Lng Import Markets,Region,Lng Importing Markets,1,1
Lng Import Markets,Region,Newer Lng Markets In Asia,1,1
Lng Import Markets,Region,Key Lng Importing Countries,1,1
Pre-Salt Fields,Infrastructure,Pre-Salt Reservoirs,1,1
Piped Gas Trade,Metric,Pipeline Gas Trade,1,1
Lng Carrier Fleet,Infrastructure,Lng-Fuelled Vessels,2,2
Lng Carrier Fleet,Infrastructure,Global Lng Carrier Fleet,2,2
Lng Carrier Fleet,Infrastructure,New Lng Carriers,1,2
Lng Carrier Fleet,Infrastructure,Global Lng Fleet,1,2
Lng Carrier Fleet,Infrastructure,Lng Carrier Vessels,1,2
Lng Carrier Fleet,Infrastructure,Lng Shipping Fleets,1,2
Lng Carrier Fleet,Infrastructure,Lng Container Ships,1,2
Feedgas Availability,Metric,Feedstock Availability,1,1
Feedgas Availability,Metric,Feedstock Accessibility,1,1
Tangguh Lng,Infrastructure,Tangguh Lng Facility,1,1
Floating Storage And Regasification Unit,Infrastructure,Floating Storage And Regasification Units (Fsrus),1,1
Advanced Dual-Fuel Engines,Technology,Lng Dual-Fuel Engines,1,2
International Maritime Organization,Policy,International Maritime Organization (Imo),1,2
International Maritime Organization,Policy,United Nations International Maritime Organization,1,2
Small-Scale Lng Carriers,Technology,Smaller-Scale And Modular Carriers,1,1
Fsru,Infrastructure,Fsrus,1,1
Trade Flows,Metric,Trade And Investment Flows,1,2
Standardisation,Policy,Design Standardisation,1,3
Energy-Efficient Technologies,Technology,Energy Efficiency Technologies,1,1
Well Productivity Gains,Metric,Upstream Productivity Gains,1,1
Us Shale Basins,Region,Shale-Producing Basins,1,1
Tight Oil,Energysource,Shale Oil,2,3
Tight Oil,Energysource,Light Tight Oil,1,3
Tight Oil,Energysource,Shale/Tight Oil,1,3
Tight Oil,Energysource,Light Tight Oil (Lto),1,3
Tight Oil,Energysource,Shale And Tight Oil Plays,1,3
Tight Oil,Energysource,Light Tight Oil In The United States,1,3
Us Gulf Coast,Region,Gulf Coast,1,7
Us Gulf Coast,Region,United States Gulf Coast,1,7
Other Shale,Region,Other Shale Plays,1,1
North Field East,Region,North Field,1,2
North Field Expansion,Infrastructure,North Field South Project,1,1
North Field Expansion,Infrastructure,North Field Expansion East,1,1
North Field Expansion,Infrastructure,North Field Expansion South,1,1
North Field Expansion,Infrastructure,North Field East Lng Expansion,1,1
North Field Expansion,Infrastructure,North Field East Expansion Project,1,1
Nameplate Capacity 25 Bcm/Yr,Metric,Nameplate Capacity 27 Bcm/Yr,1,1
Piped Gas Exports To China,Sector,Piped Gas Exports To Europe,1,2
Far East Route,Infrastructure,Far Eastern Route,1,1
Lng-Fuelled Trucks,Sector,Trucks Using Cng Or Lng,1,1
Electricity For Data Centres,Sector,Data Centre-Driven Electricity Demand,1,1
Lng-Fuelled Truck And Bus Fleet In China,Metric,Natural Gas Demand In Lng-Fuelled Trucks In China,1,1
Imo Guidelines,Policy,Imo 2020,1,2
Imo Guidelines,Policy,Imo Regulations,1,2
Imo Guidelines,Policy,Imo 2020 Regulations,1,2
Large-Scale Gas-Fired Generation,Technology,Natural Gas-Fired Power Generation,1,1
Inflation Reduction Act,Policy,2022 Inflation Reduction Act,1,2
Inflation Reduction Act,Policy,Inflation Reduction Act 2022,1,2
Inflation Reduction Act,Policy,Inflation Reduction Act (Ira),1,2
Inflation Reduction Act,Policy,Inflation Reduction Act Of 2022,1,2
2010S,Timeframe,Early 2010S,1,5
Lower Cost Of Gas Supply,Metric,Lower Gas Price Environment,1,1
2022/23 Gas Crisis,Timeframe,Gas Supply Shock 2022-2023,1,1
2022/23 Gas Crisis,Timeframe,2022-2023 Gas Supply And Demand Shock,1,1
Refinery Closures,Metric,Closures,1,2
Refinery Closures,Metric,Plant Closures,1,2
Vehicle Efficiencies,Metric,Fuel Efficiency Gains,1,1
Vehicle Efficiencies,Metric,Energy Efficiency Gains,1,1
Vehicle Efficiencies,Metric,Vehicle Efficiency Gains,1,1
Vehicle Efficiencies,Metric,Car Fleet Efficiency Gains,1,1
Vehicle Efficiencies,Metric,Fuel Efficiency Improvement,1,1
Vehicle Efficiencies,Metric,Fleet Efficiency Improvements,1,1
Qatar North Field South Expansion Project,Infrastructure,Qatar'S North Field South Expansion Project,1,1
Louisiana Lng Project Phase 1,Infrastructure,Southern Energy Flng Project Phase 1,1,1
Louisiana Lng Project Phase 1,Infrastructure,Southern Energy Flng Project Phase 2,1,1
Contracted Volumes 2024,Metric,Contract_Volumes_Middle_East_2025,1,1
Contracted Volumes 2024,Metric,Contract_Volumes_Middle_East_2024,1,1
Contracted Volumes 2024,Metric,Firm Volumes Contracted Since 2024,1,1
Contracted Volumes 2024,Metric,Contract_Volumes_North_America_2025,1,1
Contracted Volumes 2024,Metric,Contract_Volumes_North_America_2024,1,1
Contract_Volumes_Portfolio_Players_2025,Metric,Contract_Volumes_Portfolio_Players_Import_2025,1,1
Asian Buyers,Sector,Chinese Buyers,1,3
Lng Supply Flexibility,Metric,Lng Contracting And Flexibility,1,1
Contract Size,Metric,Contract Length,1,1
Short-Term (< 5 Years),Metric,Medium-Term (5 Years ≤ Term < 10 Years),1,1
Average Contract Duration 2024-2025 Sale,Metric,Average Contract Duration 2024-2025 Procurement,1,1
Contract Ratio,Metric,Contract Ratios,1,1
Lng Portfolio Sale Contracts,Metric,Lng Portfolio Purchase Contracts,1,1
Destination-Flexible Contract Volumes,Metric,Uncontracted Capacity And Contracts With Flexible Destination,1,1
Import,Sector,Import Side,1,1
Co2 Removal From Raw Gas,Technology,Removal Of Co2 From Raw Gas Streams,1,1
Liquefaction Process,Technology,Liquefaction Technology,1,1
Directive 2009/16/Ec,Policy,Eu Directive 2009/31/Ec,1,1
Ccus Bill 2025,Policy,Ccus Legislation,1,1
Bilateral Agreements,Policy,Merchant And Bilateral Contracts,2,4
Bilateral Agreements,Policy,Bilateral Contracts,1,4
Carbon Pricing,Policy,Carbon Pricing Mechanisms,1,2
Energy Flexibility,Metric,Thermal Plant Flexibility,1,1
High Financing Costs,Metric,Financing,1,2
High Financing Costs,Metric,Financing Costs,1,2
Fid 2028,Timeframe,Fid November 2024,1,1
Fid 2028,Timeframe,Fid September 2025,1,1
Crop Residues,Energysource,Corn Residues,2,2
Crop Residues,Energysource,Agricultural Residues,2,2
Crop Residues,Energysource,Agricultural Wastes,1,2
Crop Residues,Energysource,Agricultural And Food Waste,1,2
Organic Waste,Energysource,Municipal Solid Waste,2,2
Organic Waste,Energysource,Municipal Wastes,1,2
Organic Waste,Energysource,Municipal Organic Waste,1,2
45Z Tax Credit,Policy,45Z Tax Credits,3,4
45Z Tax Credit,Policy,45Z Saf Tax Credit,1,4
45Z Tax Credit,Policy,45Z Credit Estimates,1,4
45Z Tax Credit,Policy,45Z Clean Fuel Production Tax Credits,1,4
45Z Tax Credit,Policy,Clean Fuel Production Tax Credit (Section 45Z),1,4
Renewable Fuel Standard,Policy,Low Carbon Fuel Standard,3,7
Renewable Fuel Standard,Policy,Clean Fuel Standards,2,7
Renewable Fuel Standard,Policy,Imo Global Fuel Standard,2,7
Renewable Fuel Standard,Policy,California Low Carbon Fuel Standard,2,7
Renewable Fuel Standard,Policy,Global Fuel Standard,1,7
Renewable Fuel Standard,Policy,Clean Fuel Regulations,1,7
Renewable Fuel Standard,Policy,Clean Energy Standards,1,7
Renewable Fuel Standard,Policy,Imo Global Ghg Fuel Standard,1,7
Renewable Fuel Standard,Policy,Renewable Fuel Standard (Rfs),1,7
Renewable Fuel Standard,Policy,Low Carbon Fuel Standard (Lcfs),1,7
Renewable Fuel Standard,Policy,Imo’S Proposed Global Fuel Standard,1,7
Renewable Fuel Standard,Policy,State-Level Low-Carbon Fuel Standards,1,7
Renewable Fuel Standard,Policy,Renewable Fuel Standard (Rfs) Programme,1,7
Renewable Fuel Standard,Policy,Renewable Fuel Obligations Under The Rfs,1,7
Renewable Fuel Standard,Policy,California Low Carbon Fuel Standard (Lcfs),1,7
Renewable Fuel Standard,Policy,State-Level Low-Carbon Fuel Standard Programmes,1,7
Renewable Fuel Standard,Policy,Global Fuel Standard For International Shipping,1,7
Biogas,Energysource,Biogases,7,24
Biomethane Plants,Infrastructure,Biomethane Plants Authorized To Produce And Inject Biomethane,1,1
Hydrogen Production,Sector,Low-Emissions Hydrogen Production,2,3
Electrolysis,Technology,Water Electrolysis,1,1
Lower-Carbon Fuel Projects,Technology,Low-Carbon Fuel Production,1,2
Lower-Carbon Fuel Projects,Technology,Renewable Fuels Production,1,2
Lower-Carbon Fuel Projects,Technology,Low-Emissions Hydrogen Projects,1,2
Osaka Gas,Sector,Osaka Gas Usa,1,3
Energy Efficiency Directive,Policy,Renewable Energy Directive,2,3
Energy Efficiency Directive,Policy,Renewable Energy Directive Ii,2,3
Energy Efficiency Directive,Policy,Renewable Energy Directive (Red) Ii,1,3
Energy Efficiency Directive,Policy,Eu Renewable Energy Directive (Red),1,3
Energy Efficiency Directive,Policy,Renewable Energy Directive (Red) Iii,1,3
Energy Efficiency Directive,Policy,Eu Renewable Energy Directive Iii (Red Iii),1,3
Energy Efficiency Directive,Policy,Renewable Energy Directive Revision (Red Iii) (Eu/2023/2413),1,3
Tree Energy,Sector,Tree Energy Solutions,1,2
Cne,Policy,Cnpe,1,2
Ghg,Energysource,Ghgs,1,1
Imo,Policy,Un Imo,1,7
Tax Credits,Policy,Investment Tax Credits,2,2
Tax Credits,Policy,Tax Credit,1,2
Tax Credits,Policy,Us Tax Credits,1,2
Tax Credits,Policy,Federal Tax Credits,1,2
Tax Credits,Policy,Investment Tax Credit,1,2
Tax Credits,Policy,Production Tax Credit,1,2
Tax Credits,Policy,Production Tax Credits,1,2
Tax Credits,Policy,Investment And Production Tax Credits,1,2
Tax Credits,Policy,Investment Tax Credits In United States,1,2
Lcfs,Policy,Lcfs Credits,2,5
Lcfs,Policy,Lcfs Estimates,1,5
Lcfs,Policy,Standard (Lcfs),1,5
Jet Fuel,Energysource,Sustainable Aviation Fuel,5,17
Jet Fuel,Energysource,Sustainable Aviation Fuel (Saf),2,17
Jet Fuel,Energysource,Aviation Fuel,1,17
Jet Fuel,Energysource,Aviation Fuels,1,17
Jet Fuel,Energysource,Sustainableaviationfuel,1,17
Jet Fuel,Energysource,Sustainableaviationfuels,1,17
Jet Fuel,Energysource,Sustainable Aviation Fuels (Saf),1,17
Ana Alcalde Báscones,Sector,Ana Alcalde Bascones,1,2
Jose Bermudez Menendez,Sector,Jose Miguel Bermudez Menendez,1,1
Iea Website,Infrastructure,Iea Publications,2,2
Iea Website,Infrastructure,Iea Contact Information,2,2
Trade Tensions,Policy,Global Trade Tensions,1,4
Opec+,Policy,Opec+ Alliance,2,10
Opec+,Policy,Opec+ Decision,1,10
Petrochemical Demand,Sector,Petrochemical Feedstock Use,1,1
Petrochemical Demand,Sector,Petrochemical Feedstock Demand,1,1
Non-Opec+,Sector,Non-Opec+ Supply,1,4
Non-Opec+,Sector,Non-Opec+ Oil Supply,1,4
Non-Opec+,Sector,Non-Opec+ Oil Output,1,4
Non-Opec+,Sector,Total Non-Opec Supply,1,4
Technology Shifts,Metric,Economic And Technological Shifts,1,1
Real Gdp Growth 2023,Metric,Real Gdp Growth 2024,1,1
Real Gdp Growth 2023,Metric,Real Gdp Growth 2025,1,1
Real Gdp Growth 2023,Metric,World Gdp Growth 2025,1,1
Real Gdp Growth 2023,Metric,Real Gdp Growth 2026-30,1,1
Natural Gas Trucks,Technology,Liquified Natural Gas Trucks,1,1
High-Speed Rail Network,Infrastructure,China High-Speed Rail Network,1,1
High-Speed Rail Network,Infrastructure,High-Speed And Urban Rail Networks,1,1
18.4 Mb/D Oil Demand,Metric,1 Mb/D Oil Demand Growth,1,1
18.4 Mb/D Oil Demand,Metric,5.4 Mb/D Oil Demand Displacement,1,1
Synthetic Fibres,Sector,Polymers And Synthetic Fibres Production,1,1
Total Non-Opec,Energysource,Opec Ngls,2,6
Total Non-Opec,Energysource,Opec+ Ngls,2,6
Total Non-Opec,Energysource,Non-Opec+ Oil,1,6
Total Non-Opec,Energysource,Non-Opec+ Ngls,1,6
Total Non-Opec,Energysource,Non-Opec Opec+,1,6
Total Non-Opec,Energysource,Non-Opec+ Crude,1,6
Total Non-Opec,Energysource,Non-Opec+ Pre-Fid,1,6
Total Non-Opec,Energysource,Total Non-Opec+ Supply,1,6
Total Non-Opec,Energysource,Opec+ Condensates And Ngls Capacity,1,6
Ngl Capacities,Metric,Ngl Capacity 2024,1,1
Ngl Capacities,Metric,Ngl Capacity 2030,1,1
Ngl Capacities,Metric,Global Ngl Production,1,1
Ngl Capacities,Metric,Ngls Production Capacity,1,1
Ngls Output,Metric,Us Ngl Output,1,1
Ngls Output,Metric,Nglsproduction,1,1
Ngls Output,Metric,Us Output Of Ngls,1,1
Naphtha,Energysource,Paraffinic Naphtha,1,36
Us West Coast,Region,West Coast United States,1,3
Crude Surplus,Metric,Basin Crude Surplus,1,1
Crude Surplus,Metric,Atlantic Basin Crude Surplus,1,1
600 Kb/D,Metric,2.4 Mb/D,2,3
600 Kb/D,Metric,30 Kb/D,1,3
600 Kb/D,Metric,50 Kb/D,1,3
600 Kb/D,Metric,80 Kb/D,1,3
600 Kb/D,Metric,84 Mb/D,1,3
600 Kb/D,Metric,460 Kb/D,1,3
600 Kb/D,Metric,240 Kb/D,1,3
600 Kb/D,Metric,1.2 Mb/D,1,3
600 Kb/D,Metric,1.4 Mb/D,1,3
600 Kb/D,Metric,710 Kb/D,1,3
600 Kb/D,Metric,2.1 Mb/D,1,3
600 Kb/D,Metric,1.6 Mb/D,1,3
600 Kb/D,Metric,6.4 Mb/D,1,3
600 Kb/D,Metric,130 Kb/D,1,3
600 Kb/D,Metric,300 Kb/D,1,3
600 Kb/D,Metric,720 Kb/D,1,3
600 Kb/D,Metric,270 Kb/D,1,3
600 Kb/D,Metric,680 Kb/D,1,3
600 Kb/D,Metric,6.8 Mb/D,1,3
600 Kb/D,Metric,580 Kb/D,1,3
600 Kb/D,Metric,150 Kb/D,1,3
600 Kb/D,Metric,230 Kb/D,1,3
600 Kb/D,Metric,520 Kb/D,1,3
600 Kb/D,Metric,100 Kb/D,1,3
600 Kb/D,Metric,5.4 Mb/D,1,3
600 Kb/D,Metric,10.9 Mb/D,1,3
600 Kb/D,Metric,10.7 Mb/D,1,3
600 Kb/D,Metric,105.5 Mb/D,1,3
600 Kb/D,Metric,300 Kb/D Peak,1,3
600 Kb/D,Metric,80 Kb/D Increase,1,3
600 Kb/D,Metric,180 Kb/D Capacity,1,3
600 Kb/D,Metric,550 Kb/D Capacity,1,3
600 Kb/D,Metric,110 Kb/D Capacity,1,3
Gasoil/Diesel,Energysource,Gasoil,10,12
Gasoil/Diesel,Energysource,Marine Gasoil,1,12
Gasoil/Diesel,Energysource,Marine Gasoil (Mgo),1,12
Jet/Kerosene,Energysource,Jet/Kero,1,22
Ev Adoption,Metric,Electric Vehicle Adoption,1,2
Ev Sales,Metric,Electric Car Sales,1,1
Ev Sales,Metric,Global Electric Car Sales,1,1
Total Products,Energysource,Total Supply,6,10
Us Inflation,Metric,Inflation United States,1,1
Public Debt,Metric,Global Public Debt,1,1
Neighbouring Countries,Region,Neighbouring Countries Of China,1,1
Post-Covid Rebound,Metric,Post-Covid Recovery,1,1
Federal Debt United States,Metric,National Debt United States,1,1
Working-Age Population,Metric,Working-Age Population Decline,1,1
Pre-Pandemic Levels,Metric,Pre-Covid Levels,1,2
Overcapacity,Metric,Thermal Overcapacity,1,2
Middle Class,Sector,Emerging Middle Class,1,2
Logistic Networks,Infrastructure,Logistics Networks,1,1
Average Incomes,Metric,Average Incomes In United States,1,1
Population Density,Metric,Population Density In United States,1,2
Public Transport Networks,Infrastructure,Public Transport Networks In United States,1,2
2007-08 Fuel Prices,Metric,Fuel Prices 2007-08,1,1
2011-14 Fuel Prices,Metric,Fuel Prices 2011-14,1,1
Distances Driven,Metric,Us Distance Driven,1,1
Distances Driven,Metric,Us Distances Driven,1,1
Total Oecd,Region,Oecd Total,2,8
Total Oecd,Region,Oecd Average,1,8
Office Vacancy Rates,Metric,Us Office Vacancy Rates,1,1
Individualism,Metric,Cultural Individualism,1,1
Northeast United States,Region,Northeastern United States,1,1
Metro Ridership 2024,Metric,Subway Ridership In New York 2024,1,1
Metro Ridership 2024,Metric,Bay Area Rapid Transit System Ridership 2024,1,1
Domestic Flights,Sector,Domestic Travel,1,2
Domestic Flights,Sector,Domestic Aviation,1,2
Domestic Flights,Sector,Domestic Navigation,1,2
Holiday Travel During Main Festivals,Metric,Holiday Travel During China’S Main Festivals,1,1
Plug-In Hybrid,Technology,Plug-In Hybrids,1,1
Plug-In Hybrid,Technology,Non-Plug-In Hybrid,1,1
Plug-In Hybrid,Technology,Non-Plug-In Hybrids,1,1
Naphthacrackers,Technology,Naphtha Crackers,1,1
Ethane Cracker,Infrastructure,Us Ethane Crackers,1,1
Ethane Cracker,Infrastructure,Ethane Cracker In Belgium,1,1
Ethane Cracker,Infrastructure,Ethane-Based Cracker Belgium 2026,1,1
Us Petrochemical Intake Of Lpg And Ethane,Metric,Chinese Petrochemical Intake Of Lpg And Ethane,1,1
Butane,Energysource,Butylene,1,1
Butane,Energysource,N-Butane,1,1
Crude Oil To Chemicals Refinery,Infrastructure,Crude-To-Chemicals Integrated Refining And Petrochemical Hubs,1,1
Construction Investment Programmes,Policy,Infrastructure Investment Programmes,1,1
Clean Energy Investment Programmes,Policy,Clean-Energy Grants And Loan Programmes,1,1
Maritime Fuels,Energysource,Maritime Distillate Fuels,3,5
Maritime Fuels,Energysource,Marine Fuels,1,5
Maritime Fuels,Energysource,Maritime Fuel,1,5
Maritime Fuels,Energysource,Maritimebiodiesel,1,5
Maritime Fuels,Energysource,Maritime Biofuels,1,5
Maritime Fuels,Energysource,Maritime Biodiesel,1,5
Maritime Fuels,Energysource,Maritime Distillate,1,5
Maritime Fuels,Energysource,Petroleum-Based Marine Fuels,1,5
Maritime Fuels,Energysource,Aviation And Maritime Biofuels,1,5
Very Low Sulphur Fuel Oil,Energysource,Very-Low-Sulphur Fuel Oil (Vlsfo),1,1
Very Low Sulphur Fuel Oil,Energysource,Blend Stocks For Very Low Sulphur Fuel Oil (Vlsfo) Production,1,1
Sulphur Emission Control Areas,Policy,Sulphur Emission Control Area Ecamed,1,1
New Diesel Cars Market Share 2024,Metric,New Gasoline Cars Market Share 2024,1,1
Clean Cooking Initiatives,Policy,Clean Cooking Adoption,1,2
Oil-Fired Power Generation,Sector,Oil Use For Power Generation,1,1
Oil-Fired Power Generation,Sector,Crude Use In Power Generation,1,1
Desalination,Sector,Desalination Plants,1,1
Direct Crude,Energysource,Direct Use Of Crude Oil,1,1
Opec+ Producers,Region,Middle Eastern Producers,1,2
Opec+ Producers,Region,Middle East Opec+ Producers,1,2
Opec,Energysource,Opec Crude,4,5
Opec,Energysource,Opec+ Crude,1,5
Opec,Energysource,Opec+ Crude Oil,1,5
Distillation Capacity,Metric,Crude Distillation Unit (Cdu) Capacity,2,2
Distillation Capacity,Metric,Cdu Capacity,1,2
Distillation Capacity,Metric,Net Distillation Capacity,1,2
Distillation Capacity,Metric,Non-Crude Liquids Supply Capacity,1,2
Distillation Capacity,Metric,Global Crude Distillation Capacity,1,2
Distillation Capacity,Metric,Global Crude And Condensate Capacity,1,2
Distillation Capacity,Metric,Non-Opec+ Crude And Condensate Capacity,1,2
Distillation Capacity,Metric,Global Crude Distillation Unit Capacity,1,2
Distillation Capacity,Metric,Opec+ Net Crude Capacity Excluding Condensates,1,2
Opec+ Supply Targets,Policy,Opec+ Supply Trajectory May 2025,1,2
Opec+ Supply Targets,Policy,Opec+ Crude Supply Targets Effective July 2025,1,2
Lto,Energysource,Us Lto,3,4
Lto,Energysource,Lto Production,1,4
Total Opec,Energysource,Total Opec+,2,7
Call On Opec+,Metric,Call On Opec Crude + Stock Ch.,1,1
Call On Opec+,Metric,Call On Opec Crude + Stock Ch.5,1,1
Call On Opec+,Metric,Call On Opec Crude + Stock Change,1,1
Call On Opec+,Metric,Call On Opec Crude + Stock Changes,1,1
Abu Dhabi National Oil Company,Sector,Abu Dhabi National Oil Co (Adnoc),1,1
Rystad Energy Shalewellcube,Infrastructure,Rystad Energy’S Shalewellcube,1,1
Decline Rates,Metric,Global Decline Rates,1,1
Shale Wells,Infrastructure,Us Shale Wells,1,1
Mature Fields,Infrastructure,Mature Oilfields,1,1
Supplyreplacement,Metric,Supply Replacement,1,1
Us Shale Wells Production Base Jan-Dec 2024,Metric,Us Shale Wells Production Decline Jan-Dec 2024,1,1
Non-Opec+ Oil Output Production Base Jan-Dec 2024,Metric,Non-Opec+ Oil Output Production Decline Jan-Dec 2024,1,1
Shale Wells Decline Rate,Metric,Conventional Wells Decline Rate,1,1
Eagle Ford,Region,Eagle Ford Region,1,3
Jafurah Field,Infrastructure,Saudi Arabia Jafurah Field,1,1
Tengiz,Infrastructure,Tengiz Expansion,1,1
Condensates,Energysource,Condensate,2,4
Condensates,Energysource,Light Condensate,1,4
Ngls And Condensates,Energysource,Condensates And Ngls,1,1
Natural Gas Processing Capacity,Metric,Natural Gas Capacity,1,2
Upper Zakum Expansion,Infrastructure,Lower Zakum Expansion,2,2
Upper Zakum Expansion,Infrastructure,Upper Zakum Expansion Project,1,2
Neutral Zone,Region,Neutral Zone 1,1,2
Kashagan,Infrastructure,Kashagan Field,1,1
Vostok Oil Project,Infrastructure,Rosneft’S Vostok Oil Project,1,1
New Production Sharing Agreement In Libya,Policy,Libyan Production Sharing Agreement March 2025,1,1
President Tinubu,Sector,President Bola Ahmed Tinubu,1,1
Joa,Policy,Joint Operating Agreements (Joa),1,1
Bonga North,Infrastructure,Bonga North Development,2,2
Libyan Oil Output 2024,Metric,Libyan Oil Output 2023,1,1
Libyan Oil Output 2024,Metric,Libyan Oil Output End 2024,1,1
Conventional,Energysource,Non-Conventional,1,1
Lake Albert Projects,Infrastructure,Lake Albert Development,1,1
Industry Consolidation,Policy,Producer Consolidation,1,2
Federal Offshore Output,Metric,Us Federal Offshore Production,1,1
Midland Basin,Region,Midland Sub-Basin,1,1
Oil Wells,Infrastructure,Gas Wells,1,1
Fracking,Technology,Hydraulic Fracturing,1,2
Drilling,Technology,Drilling Technology Advances,1,1
Simul-Fracs,Technology,Simul-Frac Innovations,1,1
Usd 60/Bbl In 2026,Metric,Usd 62/Bbl In 2027,1,1
Usd 45/Bbl,Metric,Usd 70/Bbl,1,1
Usd 80/Bbl Flat Real Wti Price,Metric,Usd 40/Bbl Flat Real Sustained Wti Price,1,1
Shenandoah Phase 1,Infrastructure,Shenandoah Phase 2,1,1
Shenandoah Phase 1,Infrastructure,Beacon Energy’S Shenandoah Phase 2,1,1
Pikka Phase 1,Infrastructure,Pikka Phase 2,1,1
Pikka Phase 1,Infrastructure,Pikka Phase 1 (Alaska),1,1
West White Rose,Infrastructure,West White Rose Project,1,2
Brc/Crt Revit,Infrastructure,Brc/Crt Revitalisation,1,1
Oil Production 2030 Brazil,Metric,Oil Output Impact 2023 Brazil,1,1
Oil Production 2030 Brazil,Metric,Oil Production Reduction 2030 Brazil,1,1
Eighth Development Phase Stabroek Block,Policy,Seventh Development Phase Stabroek Block,1,1
Ethanol,Energysource,Us Ethanol,3,21
Ethanol,Energysource,Cellulosic Ethanol,3,21
Governments,Policy,National Governments,2,9
World Ethanol Supply,Metric,World Ethanol Production,1,1
Johan Sverdrup,Infrastructure,Johan Sverdrup Project,1,1
Johan Castberg,Infrastructure,Johan Castberg Field,1,1
Dorado Development,Infrastructure,Santos Dorado Development,1,1
Two New Lng Trains At North Field East (Nfe),Infrastructure,Qatargas'S Four New Lng Trains At North Field East (Nfe),1,1
Orange Basin,Region,Namibia Orange Basin,1,1
Baleine Phase 3,Infrastructure,Baleine Phase 2,1,2
Refined Products,Energysource,Refined Product,2,4
Refined Products,Energysource,Refined Product Imports,2,4
Refined Products,Energysource,Non-Refined Product,1,4
Refined Products,Energysource,Imported Refined Products,1,4
Refineries,Infrastructure,Us Refineries,1,7
Refineries,Infrastructure,Complex Refineries,1,7
Refineries,Infrastructure,Fcc Refineries In Europe,1,7
Refineries,Infrastructure,Hydroskimming Refineries,1,7
Refineries,Infrastructure,Us Gulf Coast Refineries,1,7
Refineries,Infrastructure,Fcc Refineries In The United States,1,7
Investment Strategies,Policy,Investment Strategy,1,2
Profitability,Metric,Manufacturer Profitability,1,2
Net Additions,Metric,Net Additions (Gw),1,2
Middle Distillates,Energysource,Light Distillates,5,8
Middle Distillates,Energysource,Light Distillate,1,8
Middle Distillates,Energysource,Light And Middle Distillates,1,8
Refinery Profits,Metric,Refining Profitability,1,2
Refinery Utilisation,Metric,Refinery Utilisation Rate,1,1
Refinery Utilisation,Metric,Refinery Utilisation Rates,1,1
Environmental Regulations,Policy,Planning And Environmental Regulations,1,1
Asian World-Scale Refineries,Infrastructure,Petrochemical-Oriented Refineries,1,1
Asian World-Scale Refineries,Infrastructure,World-Scale Petrochemical-Oriented Refineries,1,1
Biodieselsupplies,Energysource,Renewabledieselsupplies,1,1
Crude Distillation,Technology,Crude Distillation Cut Points,1,1
Hydrotreating Units,Infrastructure,Hydrocracking Units,1,2
Hydrotreating Units,Infrastructure,Hydrotreating Capacity,1,2
Hydrotreating Units,Infrastructure,Hydrotreating Units (Hdt),1,2
Hydrotreating Units,Infrastructure,Hydrocracking Upgrading Units,1,2
Kerosene Yields,Metric,Petrochemical Yields,1,2
High Octane Gasoline Blending Component,Energysource,High-Octane Component,1,2
Aromatic Chemicals,Energysource,Aromatic Component,1,2
Kerosene,Energysource,E-Kerosene,2,5
Kerosene,Energysource,E-Fuel,1,5
Refined Product Trade,Sector,Refined Product Exporter,1,1
East Of Suez,Region,Markets East Of Suez,2,8
East Of Suez,Region,Countries East Of Suez,2,8
Energy Mix In Power Generation,Metric,Electricity Generation Fuel Mix,1,1
Fcc,Technology,Fccs,1,3
Fcc,Technology,Fcc Operations,1,3
Vacuum Gasoil,Energysource,Vacuum_Gasoil,1,2
Refinery,Infrastructure,Refinery Projects,1,1
Carbon Credits,Policy,Carbon-Offset Certificates,1,2
Carbon Credits,Policy,Carbon Credit Certificates,1,2
Biofuels Co-Processing,Technology,Biofuel Processing Technologies,1,1
Hydrocrackers,Infrastructure,Nwe Hydrocrackers,1,1
Saf Production,Sector,Hvo/Saf Production,1,3
Saf,Energysource,Safs,2,6
Saf,Energysource,Imported Safs,2,6
Saf,Energysource,Saf Imported,1,6
Saf,Energysource,Saf Feedstocks,1,6
Saf,Energysource,Safs Made From Imported Feedstocks,1,6
Saf,Energysource,Safs Made From Domestic Feedstocks,1,6
Saf,Energysource,Safs Made From Imported Waste Or Residues,1,6
Saf,Energysource,Us-Produced Safs From Waste And Residue Oils,1,6
Condensate Splitters,Infrastructure,Siraf Condensate Splitter,1,1
Condensate Splitters,Infrastructure,Ust-Luga Condensate Splitter,1,1
Capacity Closures 2025,Metric,Capacity Closures Europe 2025,1,1
Capacity Closures 2025,Metric,Capacity Closures United States 2025,1,1
Product Exports,Metric,Net Product Exports,1,2
Product Exports,Metric,Surplus Product Export,1,2
Phillips 66 Wilmington Refinery,Infrastructure,Phillips 66 Rodeo Refinery,1,2
Phillips 66 Wilmington Refinery,Infrastructure,Phillips 66 Rodeo Facility,1,2
Padd 5,Region,Us Padd,1,1
Padd 5,Region,Us Padd 1,1,1
Padd 5,Region,Us Padd 2,1,1
Padd 5,Region,Us Padd 3,1,1
Padd 5,Region,Us Padd 4,1,1
Padd 5,Region,Us Padd 5,1,1
Padd 5,Region,Us West Coast Padd 5,1,1
Dos Bocas Refinery,Infrastructure,Mexico'S Dos Bocas Refinery,1,1
Refinery Operations,Policy,Refinery Maintenance,1,1
Refinery Operations,Policy,Refinery Construction,1,1
Refinery Operations,Policy,Refinery Commissioning,1,1
Refinery Operations,Policy,Refinery Rehabilitation,1,1
Refinery Upgrades,Policy,Refinery Modernization,1,3
Totalenergies Grandpuits,Infrastructure,Totalenergies Grandpuits Refinery,1,1
Intra-Eu Voyages,Sector,Voyages Beginning Or Ending Outside The European Union,1,1
Fueleu Maritime,Policy,Refueleu Aviation,2,3
Fueleu Maritime,Policy,Refueleu Aviation Legislation,2,3
Fueleu Maritime,Policy,Refueleu,1,3
Fueleu Maritime,Policy,Refueleu Maritime,1,3
Fueleu Maritime,Policy,Fueleu Maritime Regulation,1,3
Fueleu Maritime,Policy,Eu Refueleu Aviation Mandate,1,3
Fueleu Maritime,Policy,Refueleu Maritime Legislation,1,3
China Throughput,Metric,Eurasia Throughput,1,1
China Throughput,Metric,Other Asia Throughput,1,1
Russian Product Exports,Sector,Russian Crude And Product Exports,1,1
Panipat,Infrastructure,Panipat Project,1,1
Barmer,Infrastructure,Barmer Project,1,1
Yulong Refinery,Infrastructure,Yulong Petrochemical,1,1
Yulong Refinery,Infrastructure,Yulong Petrochemical Complex,1,1
New Cdu Unit Bahrain,Infrastructure,Old Cdu Unit Bahrain,1,1
Sinochem’S Quanzhou,Infrastructure,Sinochem Quanzhou Refinery,1,1
Zhenhai Refining And Chemical,Infrastructure,Sinopec Zhenhai Refining & Chemical Expansion,1,1
Crude Runs,Metric,Crude Runs Growth,1,1
Panipat Refinery,Infrastructure,Panipat Refinery Expansion,1,1
Balikpapan,Infrastructure,Balikpapan (Ref Unit V),1,1
Transportation Fuels,Sector,Road Transport Fuels,1,1
Global Capacity,Metric,Global Capacity Awarded 2021-2024,1,1
Yggdrasil,Infrastructure,Yggdrasil (Extension),1,1
Buzios 8 (P-79),Infrastructure,Buzios 9 (P-80),1,1
Stabroek Phase 6 (Whiptail),Infrastructure,Stabroek Phase 8 (Longtail),1,1
Stabroek Phase 6 (Whiptail),Infrastructure,Stabroek Phase 4 (Yellowtail),1,1
Ethanol Production,Sector,Biofuel Producers,1,2
Ethanol Production,Sector,Biofuel Production,1,2
Ethanol Production,Sector,Domestic Biofuel Production,1,2
Barrels Per Day,Metric,Million Barrels,1,1
Barrels Per Day,Metric,Million Barrels Per Day,1,1
Barrels Per Day,Metric,Thousand Barrels Per Day,1,1
Renewables 2025,Energysource,Renewables 2024,4,12
Solar Heating And Cooling Tcp,Technology,Photovoltaic Power Systems Tcp,1,1
Enel Spa,Sector,Enel,1,2
European Renewable Energies Federation,Sector,European Solar Thermal Industry Federation,1,1
Rng,Sector,Rng Projects,1,1
Rng,Sector,Rng Coalition,1,1
Regional Forecast,Metric,Regional Forecast Summaries,1,1
Renewable Transport,Sector,Renewable Energy In Transport,1,10
Import Restrictions,Policy,Trade Restrictions On Chinese Imports,1,1
Offshore Wind Leasing Suspension,Policy,Executive Order Suspending Offshore Wind Leasing,1,1
Onshore Wind And Solar Pv Permitting Restrictions,Policy,Executive Order Restricting Permitting Of Onshore Wind And Solar Pv Projects On Federal Land,1,1
Rooftop-Pv Support Scheme,Policy,Rooftop Pv Support Scheme,1,1
Rooftop-Pv Support Scheme,Policy,New Rooftop Pv Support Scheme,1,1
Rooftop-Pv Support Scheme,Policy,Rooftop Solar Projects Support,1,1
Residential Pv Forecast,Metric,Distributed Solar Pv Forecast,1,1
Residential Pv Forecast,Metric,Utility-Scale Solar Pv Forecast,1,1
Residential Pv Forecast,Metric,Utility-Scale Solar Pv Capacity Installations,1,1
Solar Pv Growth In Saudi Arabia,Metric,Saudi Arabia Solar Pv Capacity Awarded,1,1
Policy Uncertainty,Policy,Policy Uncertainties,1,2
Corporate Ppas,Policy,Corporate Ppa,1,12
Corporate Ppas,Policy,Corporate Ppa Market,1,12
Corporate Ppas,Policy,International Corporate Ppas,1,12
Energy Contracts,Policy,Utility Contracts,1,1
Energy Contracts,Policy,Fossil Fuel-Fired Generation Contracts,1,1
Dispatchable Power Plants,Technology,Flexible Generation Dispatch,1,1
Dispatchable Power Plants,Technology,Flexible Dispatchable Power Plant Operations,1,1
Solar Pv (Ac) Additions In China May 2025,Metric,Solar Pv (Ac) Additions In China May 2024,1,1
Solar Pv (Ac) Additions In China May 2025,Metric,Solar Pv (Ac) Additions In China June 2025,1,1
Wind Power Additions May 2025,Metric,Wind Power Additions June 2025,1,1
China'S Renewable Capacity Additions 2025 Main Case,Metric,China'S Renewable Capacity Additions 2025 Accelerated Case,1,1
Supply Chain Bottlenecks,Policy,Supply Chain Constraints,1,1
Feoc Restrictions,Policy,Feoc Policy,1,3
Feoc Restrictions,Policy,Foreign Entity Of Concern (Feoc) Policy,1,3
Feoc Restrictions,Policy,Foreign Entities Of Concern (Feoc) Restrictions,1,3
Residential Solar Tax Credits,Policy,Residential Solar Pv Tax Credits,1,1
Residential Solar Tax Credits,Policy,Expiration Of Residential Solar Pv Tax Credits,1,1
Onshore Wind Auctions,Infrastructure,Offshore Wind Auctions,1,1
Large Hydropower Projects,Energysource,Large-Scale Hydropower Plants,1,3
Retail Prices,Metric,Retail Rates,1,2
Retail Prices,Metric,Rising Retail Prices,1,2
Repowereu,Policy,Repowereu Target,2,2
Repowereu,Policy,Repowereu Plan,1,2
Repowereu,Policy,Repowereu Plan (Com/2022/230),1,2
Repowereu,Policy,Repowereu Plan Swd (2022) 230 Final,1,2
Financing Mechanisms,Policy,Innovative Financing Mechanisms,1,1
Self-Consumption Economics,Metric,Economic Attractiveness Of Self-Consumption,1,1
Onshore Wind Costs,Metric,Offshore Wind Costs,1,1
Market Valuations Of Solar Pv,Metric,Solar Pv And Wind Auction Volumes,1,1
Market Valuations Of Solar Pv,Metric,Global Auction Prices For Solar Pv,1,1
Merchant Projects,Technology,Corporate Ppa Use,1,2
Merchant Projects,Technology,Corporate Ppa And Merchant Projects,1,2
Merchant Projects,Technology,Merchant And Corporate Ppa Projects,1,2
Renewable Electricity Deployment,Sector,Renewable Energy Deployment Process,1,1
Psh,Technology,Psh Systems,1,1
Psh,Technology,Psh Projects,1,1
Forecast Revision,Metric,Downward Forecast Revision,1,1
Government Tenders,Policy,Government Tendering Activity,1,1
Renewable Energy Certificates (Recs),Policy,Energy Certificates (Recs),1,2
Renewable Energy Certificates (Recs),Policy,International Renewable Energy Certificates (I-Recs),1,2
Mandate,Policy,Mandates,2,2
Mandate,Policy,Building Mandates,1,2
Mandate,Policy,Eu Policy Mandates,1,2
Vre Integration Framework,Policy,Vre Integration Assessment,1,1
Vre Integration Framework,Policy,Iea Vre Integration Framework,1,1
Hydropower Plants,Technology,Hydropower Stations,1,1
Contracts,Policy,New Contracts,1,1
Obbba,Policy,Obbba Credits,1,7
Anti-Dumping Duties,Policy,Anti-Dumping And Countervailing Duties (Ad/Cvd),1,1
Julius Nyerere Hydropower Station,Infrastructure,Julius Nyerere Hydropower Project,1,1
Development Banks,Sector,Multilateral Development Banks,1,1
Rural Electrification Agency,Policy,Federal Rural Electrification Agencies,1,1
Cop30,Timeframe,Cop30 2025,1,1
2035Ambition,Policy,2030Ambition,1,1
2023-2050 Energy Plan Philippines,Policy,Energy Plan For The Philippines (2023-2050),1,1
Decree 57/2025/Nd-Cp,Policy,Decree 80/2024/Nd-Cp,1,2
Ndrc Reform No. 136,Policy,Ndrc Reform No. 136 Electricity Market Reform,1,1
Dispatchable Renewable Electricity,Sector,Utility-Scale Renewable Electricity,1,1
Award Rate,Metric,Auction Award Rate,1,1
Pv Module Prices,Metric,Pv Module Prices 2024,1,1
Pv Module Prices,Metric,Solar Pv Module Spot Prices,1,1
Global Auction Volumes H1 2025,Metric,5-8% Global Auction Volumes 2021-2023,1,1
France Offshore Wind Auction,Policy,Germany Offshore Wind Auction,1,1
1 Gw Seabed Lease,Infrastructure,Saare 1 Area Seabed Lease,1,1
India Solar Pv Capacity Awarded,Metric,Europe Solar Pv Capacity Awarded,1,1
400 Mwh Of Storage,Metric,2 Mwh/Mw Storage Capacity,1,1
400 Mwh Of Storage,Metric,2 Mwh/Mw Storage Capacity Requirement In Germany,1,1
400 Mwh Of Storage,Metric,2 Mwh/Mw Storage Capacity Requirement In Kazakhstan,1,1
400 Mwh Of Storage,Metric,Minimum 2 Mwh Of Storage For Each Mw Of Project Capacity (Spain),1,1
400 Mwh Of Storage,Metric,30% Of Installed Capacity Of Renewable Power Project Storage Requirement In Kazakhstan,1,1
Solar Pv And Onshore Wind Hybrid Projects Scheme In India,Policy,Solar Pv And Onshore Wind With Storage Or Hybrid Projects Scheme In Germany,1,1
Electricity Production From Renewables And Storage With Installed Capacity Over 200 Kw In Bulgaria,Infrastructure,Electricity Production From Renewables And Storage With Installed Capacity 200 Kw To 2 Mw In Bulgaria,1,1
"Guidelines For Tariff-Based Competitive Bidding Process For Procuring Power From Grid-Connected Wind, Solar And Hybrid Projects In India",Policy,Guidelines For Tariff-Based Competitive Bidding Process For Procuring Firm And Dispatchable Power From Grid-Connected Renewable Energy Power Projects With Energy Storage Systems In India,1,1
400 Mw Solar Pv In Noor Midelt Ii And Iii Morocco,Metric,400 Mwh Storage In Noor Midelt Ii And Iii Morocco,1,1
Minimum Annual Capacity Utilisation Factor At Least 33% In India Solar Pv And Onshore Wind Hybrid Projects,Metric,Capacity Of Both Wind And Solar Pv Components At Least 33% Of Total Contracted Project Capacity In India Solar Pv And Onshore Wind Hybrid Projects,1,1
1 Gw Awarded In 2023,Metric,1.1 Gw To Be Awarded In 2025,1,1
Minimum 20% Of Project Capacity (Philippines),Metric,Minimum 20% Of The Project Capacity (Portugal),1,1
Heat Auction,Policy,Heat Auction 2025,1,1
Heat Auction,Policy,Innovation Auctions 2023-2025,1,1
Heat Auction,Policy,Innovation Fund Heat Auction Late 2025,1,1
This Year,Timeframe,Last Year,1,1
Green Certificates,Policy,Green Electricity Certificates,1,2
Green Certificates,Policy,China Green Electricity Certificates,1,2
Green Certificates,Policy,Green Electricity Certificates (Gecs),1,2
Contract Duration Spain,Metric,Contract Duration Portugal,1,1
Contract Duration Spain,Metric,Contract Duration Spain Offshore Wind,1,1
Contract Duration Spain,Metric,Contract Duration Poland Offshore Wind,1,1
Contract Duration Spain,Metric,Contract Duration Belgium Offshore Wind,1,1
Contract Duration Spain,Metric,Contract Duration Ireland Offshore Wind,1,1
Contract Duration Spain,Metric,Contract Duration Lithuania Offshore Wind,1,1
Contract Duration Spain,Metric,Contract Duration Poland Solar Pv And Onshore Wind,1,1
Contract Duration Spain,Metric,Contract Duration Ireland Solar Pv And Onshore Wind,1,1
Contract Duration Serbia,Metric,Contract Duration Croatia,1,1
Reference Period Spain,Metric,Reference Period Portugal,1,1
Reference Period,Metric,Reference Period United Kingdom,1,1
Reference Market Value France,Metric,Reference Market Value Belgium,1,1
Reference Market Value Serbia,Metric,Reference Market Value Croatia,1,1
Reference Market Value Poland,Metric,Reference Market Value Czechia,1,1
Reference Market Value Poland,Metric,Reference Market Value Hungary,1,1
Reference Market Value Poland,Metric,Reference Market Value Romania,1,1
Reference Market Value Poland,Metric,Reference Market Value Ukraine,1,1
Reference Market Value Poland,Metric,Reference Market Value Lithuania,1,1
Reference Market Value Ireland,Metric,Reference Market Value United Kingdom,1,1
Reference Market Value Spain,Metric,Reference Market Value Portugal,1,1
Yearly Reference Period,Policy,Monthly Reference Period,1,2
Sustainability Efforts,Policy,Voluntary Sustainability Efforts,1,1
Sustainability Efforts,Policy,Voluntary Sustainability Initiatives,1,1
Go System In Europe,Technology,Gos In The European Union,1,1
Go System In Europe,Technology,European Union’S Go Scheme,1,1
Multinational Firms,Sector,Cross-Border Multinational Companies,1,1
Emissions-Based Trade Regulation,Policy,Emerging Emissions-Based Trade Rules,1,1
Cross-Border Renewable Electricity Exchanges,Sector,Cross-Border Renewable Electricity Procurement,1,1
Electricity Sectors Regulatory Framework,Policy,Regulatory Framework Governing The Electricity Sectors,1,1
National Plans,Policy,National Schemes,1,1
Ghg Accounting Frameworks,Policy,Official Ghg Accounting Methodologies,1,1
International Supply Chains,Infrastructure,Supply Chains,1,2
Fuelimportingcountries,Region,Fuel-Importing Countries,1,1
Fuelimportingcountries,Region,Fossil Fuel Importer Countries,1,1
Apac,Region,Asia-Pacific (Apac),1,5
Coal - Primary Energy,Energysource,Natural Gas - Primary Energy,1,1
Imported Fossil Fuels Share In Eu Electricity Supply 2023,Metric,Fossil Fuel Import Dependence Of Electricity Supply In 2023,1,1
Usd500Billion,Metric,Usd 500 Billion,1,1
Modules,Technology,Module Assembly,1,5
Installations - Main,Metric,Installations - Acc.,2,2
Installations - Main,Metric,Installations,1,2
Installations - Main,Metric,Main Case Installations,1,2
Installations - Main,Metric,Acc. Case Installations,1,2
Installations - Main,Metric,Installations Main Case,1,2
Installations - Main,Metric,Installations Acc. Case,1,2
Average Utilisation Factor 2024,Metric,Average Utilisation Factor 2023,1,1
Domestic-Content Rules,Policy,Domestic-Content Requirements,1,1
Domestic-Content Rules,Policy,65% Domestic-Content Requirement,1,1
Domestic-Content Rules,Policy,Domestic Content Requirements For Government-Supported Projects,1,1
Chinese Manufacturers,Sector,Non-Chinese Manufacturers,1,3
Polysilicon Production Capacity,Metric,Polysilicon Manufacturing Capacity,1,2
Effective Import Tariff Rates On Module Imports From China,Metric,Effective Import Tariff Rates On Modules And Cells From Malaysia,1,1
Effective Import Tariff Rates On Module Imports From China,Metric,"Effective Import Tariff Rates On Modules And Cells From Thailand, Viet Nam And Cambodia",1,1
Crystalline Silicon Pv Supply Chain,Infrastructure,Complete Crystalline Silicon Pv Supply Chains,1,1
Annual Installations 2030,Metric,Annual Installations 2023-2025,1,1
Annual Installations 2030,Metric,Annual Installations Peak 2027,1,1
Annual Installations 2030,Metric,Annual Installations Europe 2024,1,1
Original Equipment Manufacturers (Oems),Sector,Large Original Equipment Manufacturers (Oems),1,1
Chinese Oems,Sector,Us Oems,1,2
Chinese Oems,Sector,European Oems,1,2
Chinese Oems Market Share 2021,Metric,Chinese Oems Market Share 2023,1,1
Chinese Oems Market Share 2021,Metric,Chinese Oems Market Share 2024,1,1
Hq In Eu,Region,Hq In Us,1,1
Magnets,Technology,Permanent Magnets,1,1
14Th Five-Year Plan,Policy,14Th Five-Year Plan (2021-2025),1,1
Early-Stage Grid Connection Projects,Metric,Early-Stage Grid Connection Applications,1,1
Early-Stage Grid Connection Projects,Metric,Lengthy Grid Connection Times For Industrial Consumers,1,1
Immediate Measures To Increase American Mineral Production,Policy,Executive Order On Immediate Measures To Increase American Mineral Production,1,1
Nyiso,Infrastructure,New York Nyiso,1,1
Red Eléctrica De España,Infrastructure,Red Eléctrica De España (Ree),1,1
Chugoku Electric Power Transmission & Distribution,Infrastructure,Shikoku Electric Power Transmission & Distribution,3,3
Italy Early-Stage Capacity Drop,Metric,Australia Early-Stage Capacity Drop,1,1
Italy Early-Stage Capacity Drop,Metric,United States Early-Stage Capacity Drop,1,1
First Solar,Sector,First Solar Inc,1,1
Orsted,Sector,Orsted A/S,1,1
Edp,Sector,Edp S.A.,1,1
Sse Plc,Sector,Sse Renewables,1,1
Sse Plc,Sector,Sse Renewables Limited,1,1
Indices For Solar Pv And Wind Industry,Metric,Indices For Renewable Ipps And Utilities,1,1
Irr To Wacc Spread,Metric,Target Irr To Wacc Spreads (Bps),1,1
Large Utilities,Sector,Large German Utilities,1,1
Usd 5 Billion,Metric,Usd 5 Million,1,1
Usd 5 Billion,Metric,Usd 5 Million Per Project,1,1
-20% Net Margins Q3 2023 Large Oems Outside China,Metric,Usd 5 Billion Cumulative Net Loss 2023 Large Oems Outside China,1,1
Year2025,Timeframe,Year2026,1,2
Surcharges For Renewables,Policy,Electricity Bills Surcharge,1,1
Special Electricity Taxes,Policy,Special Electricity Tax Rates,1,1
State Level Price Setting,Policy,Subnational Level Price Setting,1,1
Renewable Energy Surcharge (Eeg),Policy,Renewable Energy Sources Act (Eeg),1,1
Renewable Energy Surcharge,Metric,Renewables Surcharges,1,2
Renewable Energy Surcharge,Metric,Renewable Energy Surcharges,1,2
Eeg Costs,Metric,Eeg Costs 2025,1,1
Renewable Energy Expansion,Technology,Renewable Electricity Expansion,1,1
Henan,Region,Henan Province,1,1
Apr,Timeframe,Jan-Apr,1,1
17 Countries,Region,65 Countries Assessed,1,2
Vre Integration Phase,Metric,Vre Integration Phase 1,1,2
Vre Integration Phase,Metric,Vre Integration Phase 2,1,2
Vre Integration Phase,Metric,Vre Integration Phase 3,1,2
Vre Integration Phase,Metric,Vre Integration Phase 4,1,2
Vre Integration Phase,Metric,Vre Integration Phase 5,1,2
Vre Integration Phase,Metric,Vre Integration Phase 2024,1,2
Vre Integration Phase,Metric,Vre Integration Phase 2030,1,2
Natural Gas Vehicle Fleet,Sector,Natural Gas-Powered Vehicles,2,2
Natural Gas Vehicle Fleet,Sector,Compressed Natural Gas Fleets,1,2
Blending Mandates,Policy,Cbg Blending Mandates,1,2
Blending Mandates,Policy,Biodiesel Mandate 2025,1,2
Blending Mandates,Policy,Targeted Blending Mandates,1,2
Blending Mandates,Policy,Biodiesel Blending Mandates,1,2
Blending Mandates,Policy,Blending Mandate Obligation,1,2
Blending Mandates,Policy,Biodiesel Mandate 40% Blending 2025,1,2
Ghg Intensity Targets,Policy,Ghg Obligation,1,2
Ghg Intensity Targets,Policy,Ghg Reduction Target,1,2
Ghg Intensity Targets,Policy,Ghg Intensity Mandates,1,2
Ghg Intensity Targets,Policy,Ghg Intensity Regulations,1,2
Ghg Intensity Targets,Policy,Ghg Intensity Obligations,1,2
Ghg Intensity Targets,Policy,National Ghg-Based Targets,1,2
Ghg Intensity Targets,Policy,Transport Ghg Intensity Target,1,2
Ghg Intensity Targets,Policy,Ghg Intensity Reduction Target,1,2
Ghg Intensity Targets,Policy,California Ghg Reduction Target,1,2
Ghg Intensity Targets,Policy,Ghg Intensity Reduction Targets,1,2
Ghg Intensity Targets,Policy,Aviation Ghg Emissions Reduction Target,1,2
Ghg Intensity Targets,Policy,Ghg Intensity And Blending Requirements,1,2
Renewable Identification Number,Metric,Renewable Identification Number (Rin),1,3
Rfs,Policy,Us Rfs,1,3
Rfs,Policy,Rfs Updates,1,3
Rfs,Policy,Rfs Updates 2025,1,3
Rfs,Policy,Rfs Changes 2025,1,3
Rfs,Policy,Rfs Rule Changes,1,3
Rfs,Policy,Proposed Rfs For 2026 And 2027,1,3
Ghg Criteria,Policy,Proposed Ghg Criteria,2,2
Ghg Criteria,Policy,Ghg Thresholds,1,2
Performance-Based Framework,Policy,Performance-Based Frameworks,1,1
Starches,Energysource,Sugars And Starches,1,3
Ethanol Blends,Technology,Higher-Ethanol Blends,1,1
Red Iii Targets,Policy,Red Iii Goals,1,3
Red Iii Targets,Policy,Red Iii Transport Targets,1,3
New Markets,Policy,Existing Markets,1,2
Saf Mandates,Policy,Federal Saf Mandate,1,1
Tfc,Metric,Road Tfc,1,1
Ethanol Use,Metric,Ethanol Use In United States,1,1
Ethanol Blending,Metric,Biodiesel Blending,2,3
Ethanol Blending,Metric,Biojet Fuel 2%,1,3
Ethanol Blending,Metric,Ethanol Blending 9%,1,3
Ethanol Blending,Metric,Ethanol Blending 3%,1,3
Ethanol Blending,Metric,2% Ethanol Blending,1,3
Ethanol Blending,Metric,Ethanol Blending 16%,1,3
Ethanol Blending,Metric,Biojet Fuel Blending,1,3
Ethanol Blending,Metric,Ethanol Blending 1.2%,1,3
Ethanol Blending,Metric,4.5% Ethanol Blending,1,3
Ethanol Blending,Metric,Biojet Fuel 5% By 2030,1,3
Ethanol Blending,Metric,Biojet Fuel 6% By 2030,1,3
Ethanol Blending,Metric,Biojet Fuel 2% By 2025,1,3
Ethanol Blending,Metric,Biodiesel Blending 35%,1,3
Ethanol Blending,Metric,Biodiesel Blending 9.9%,1,3
Ethanol Blending,Metric,0.5% Biodiesel Blending,1,3
Ethanol Blending,Metric,2% Biojet Fuel Blending,1,3
Ethanol Blending,Metric,Renewable Diesel Blending,1,3
Ethanol Blending,Metric,5% Biodiesel Blending Goal,1,3
Ethanol Blending,Metric,Renewable Diesel Blending 3%,1,3
Ethanol Blending,Metric,Ethanol Blending In Colombia,1,3
Ethanol Blending,Metric,Ethanol Blending In Indonesia,1,3
Ethanol Blending,Metric,Renewable Diesel Blending 3.5%,1,3
Ethanol Blending,Metric,3% Biojet Consumption Target For 2030,1,3
Ethanol Blending,Metric,3.5% Biodiesel And Renewable Diesel Blending,1,3
Rfs Obligation,Policy,Federal Rfs Obligations,1,1
Ethanol Blending Cap In Brazil,Policy,Biodiesel Blending Cap In Brazil,1,1
Light-Duty Vehicles,Sector,Light-Duty Vehicle Stock,1,1
Red Iii Transposition,Policy,Draft Red Iii Transposition,1,1
Feedstock-Specific Pricing,Policy,Feedstock-Specific Pricing In India,1,1
Guaranteed Offtake Agreements For Ethanol,Policy,Guaranteed Offtake Agreements For Ethanol In India,1,1
Subsidies For New Capacity,Policy,Subsidies For New Capacity In India,1,1
Saf Blending Target Eu 2030,Policy,Saf Blending Target Uk 2030,1,1
Saf Demand,Metric,Saf Use,1,2
Saf Demand,Metric,Saf Prices,1,2
Saf Demand,Metric,Saf Target,1,2
45Z,Policy,Section 45Z,1,1
Indirect Land Use Change Factors,Policy,Indirect Land Use Change Factors Removal,1,1
Vegetable Oil-Based Saf,Energysource,Saf Made From Domestic Soybean Oil,1,1
Ghgintensityreductiontargets2025,Policy,Ghgintensityreductiontargets2030,1,1
Usd380Pertonco2Eqcharge,Metric,Usd100Pertonco2Eqcharge,1,1
2030 Acc,Timeframe,Main Case 2030,1,1
2030 Acc,Timeframe,Main Case 2025-2030,1,1
2030 Acc,Timeframe,Acc. Case 2025-2030,1,1
Imo Net-Zero Framework,Policy,Imo Net Zero Framework,1,3
Imo Net-Zero Framework,Policy,Proposed Imo Net-Zero Framework,1,3
Rapeseed Oil,Energysource,Rapeseed,1,2
Maize,Energysource,Corn,2,4
Canola Oil,Energysource,Canola,1,2
Saf Grand Challenge,Policy,Saf Grand Challenge Goal,1,1
Ethanol Imports,Policy,Fuel Ethanol Imports,1,1
Biodiesel Exports,Policy,Biojet Fuel Exports,1,1
Biodiesel Exports,Policy,Renewable Diesel Exports,1,1
Saf Blending 4%,Metric,1.5% Safs Blending,1,1
B50 Mandate,Policy,B20 Mandate,1,1
Southafrica,Region,Southern Africa,1,1
Advanced Fuels,Energysource,Advanced Biofuels,1,1
Advanced Fuels,Energysource,Emerging Biofuels,1,1
Industrial Wastes,Energysource,Industrial Residues,1,1
Annex Ix Part A Feedstocks,Energysource,Annex Ix Part B Feedstocks,1,1
Annex Ix Part A Feedstocks,Energysource,Advanced Biofuels And Biogas From Feedstock Listed In Part A Of Annex Ix,1,1
Directive (Eu) 2018/2001,Policy,Regulation (Eu) 2018/2001,1,1
Bio-Lng,Energysource,Bio-Lng For Transport,1,6
Base Target,Policy,Imo Base Target,1,3
Usd 380/T Co2-Eq Price,Metric,Usd 100/T Co2-Eq Price,1,1
Usd 380/T Co2-Eq Price,Metric,380 Usd/T Co2-Eq To 2030,1,1
Post-2030 Targets,Policy,Necp 2030 Targets,1,1
Global Trade Alert 2025,Policy,World Trade Organization 2025,1,1
Us-Uk Economic Prosperity Deal,Policy,Gov.Uk 2025 - Uk-Us Economic Prosperity Deal,1,1
Ghg Intensity For Vegetable Oils,Metric,Fats Oils And Grease Ghg Intensity,1,1
Us Vegetable Seed Exports,Metric,Canadian Vegetable Seed Exports,1,1
Net Imports Of Oil Products,Metric,Net Imports Of Crude For Domestically Refined Oil Products,1,1
Traditional Biomass,Energysource,Traditional Bioenergy,1,4
Traditional Biomass,Energysource,Traditional Use Of Biomass,1,4
Direct-Use Geothermal,Technology,Geothermal Energy Use,1,1
Direct-Use Geothermal,Technology,Solar Thermal Energy Use,1,1
Direct-Use Geothermal,Technology,Direct Geothermal Heat Use,1,1
Direct-Use Geothermal,Technology,Direct Geothermal Heat Use In Buildings,1,1
District Heating Systems,Infrastructure,District Heating Networks,3,3
District Heating Systems,Infrastructure,District Heating Applications,2,3
District Heating Systems,Infrastructure,District Cooling,1,3
District Heating Systems,Infrastructure,District Heating System,1,3
District Heating Systems,Infrastructure,District Heating Network,1,3
District Heating Systems,Infrastructure,District Heating In Buildings,1,3
District Heating Systems,Infrastructure,European District Heating Systems,1,3
District Heating Systems,Infrastructure,Urban Heating And Cooling Networks,1,3
District Heating Systems,Infrastructure,European District Heating Networks,1,3
District Heating Systems,Infrastructure,Geothermal District Heating Systems,1,3
District Heating Systems,Infrastructure,District Heating And Cooling Systems,1,3
District Heating Systems,Infrastructure,High Temperature District Heating Networks,1,3
Waste Heat Recovery,Technology,Waste Heat Recovery System,1,1
Waste Heat Recovery,Technology,Heat Recovery And Cogeneration,1,1
Waste Heat Recovery,Technology,Waste Heat Recovery And Cogeneration,1,1
Waste Heat Recovery,Technology,Industrial Waste Heat Recovery Systems,1,1
Ambient Heat From Heat Pumps,Energysource,Ambient Heat,1,2
Ambient Heat From Heat Pumps,Energysource,Ambient Heat In Buildings Sector,1,2
Waste Heat,Energysource,Waste And Surplus Heat,1,4
Circular Economy,Policy,Circular Economy Agenda,1,1
Local Heating Plans,Policy,Local Heating And Cooling Plans,1,1
Ghg Reduction Fund,Policy,Epa Ghg Reduction Fund,1,1
Residential Heat Pump Sales,Metric,Heat Pump Sales,1,3
Usd 5-Billion Energy Efficiency And Building Electrification Programme,Policy,Usd 5-Billion Energy Efficiency And Building Electrification Programme May 2025,1,1
Industrial Decarbonisation Funding 2024,Policy,Industrial Decarbonisation Funding 2025,1,1
Indigo Scheme,Policy,Indigo Programme,1,1
Fpip,Policy,Fpip Programme,1,1
Renewable Heat Subsidies,Policy,Waste Heat Recovery Subsidies,1,1
Renewable Heat Subsidies,Policy,Subsidy Programme For Renewable Heat Technologies And Industrial Waste Heat Recovery Systems,1,1
Fonds Chaleur,Policy,Fonds Chaleur Programme,1,2
Measures To Unlock Unused Grid Capacity,Policy,Netherlands’ Actions To Unlock Unused Grid Capacity,1,1
Executive Order Unleashing American Energy,Policy,Unleashing American Energy Executive Order,1,1
Tax Credits For Geothermal Heat Pumps,Policy,"Tax Credits For Solar Water Heaters, Heat Pumps And Electric Boilers",1,1
Retail Electricity Pricing Framework,Policy,New Retail Electricity Pricing Framework (April 2024),1,1
Industrial Heat Demand,Sector,Industrial Heat,1,3
Industrial Heat Demand,Sector,Renewable Industrial Heat Generation,1,3
District Heat,Technology,District Bioheat,1,1
Biogas Projects,Infrastructure,Medium- And Large-Scale Biogas Projects,1,1
Renewable District Heating Capacity,Metric,Installed Capacity Of Solar District Heating,1,1
Sdh Systems 2024,Metric,Sdh Capacity 2024,1,1
Sdh Systems 2024,Metric,Sdh Systems Planned Eu,1,1
Sdh Systems 2024,Metric,Sdh Capacity China 2024,1,1
Sdh Systems 2024,Metric,Sdh Capacity Italy 2024,1,1
Sdh Systems 2024,Metric,Sdh Capacity Planned Eu,1,1
Sdh Systems 2024,Metric,Sdh Capacity Germany 2024,1,1
Sdh Systems 2024,Metric,Sdh Capacity Austria 2024,1,1
Sdh Systems 2024,Metric,Sdh Capacity Netherlands 2024,1,1
Kosovo Sdh Project,Infrastructure,Serbia Sdh Project,1,1
Levelised Cost Of Heat,Metric,Levelised Costs Of Geothermal Heat,1,2
Pulp And Paper Mills,Sector,Pulp Industry,1,2
Total Industrial Heat Consumption,Metric,Industrial Solar Thermal Capacity,1,1
Total Industrial Heat Consumption,Metric,Industrial Solar Thermal Consumption,1,1
Industrial Electrification Targets 48% By 2040,Metric,Industrial Electrification Targets 62% By 2050,1,1
Heat Below 400°C,Metric,Heat Above 400°C,1,1
Commercial And Industrial Carbon Challenge,Policy,Seventh Round Of Commercial And Industrial Carbon Challenge,1,1
Industries Requiring High-Temperature Heat,Sector,Industries Requiring Low-Temperature Heat And Steam,1,1
Linear Fresnel Plant,Technology,Linear Fresnel Collectors,1,1
Total Ship Market Systems,Metric,Total Ship Market Capacity,1,1
Power And Chp,Sector,Chp,1,3
Power And Chp,Sector,"Electricity, Chp",1,3
Household Biogas Production,Technology,Traditional Small-Scale Household Biogas Systems,1,1
Ageing Biogas Fleet,Infrastructure,Biogas-To-Power Fleet,1,1
Gas Grid,Infrastructure,Natural Gas Grids And Equipment,1,1
Biogas Sector,Sector,Biogas/Biomethane Sector,1,1
Biogas Sector,Sector,Biogas And Biomethane Market,1,1
Biogas Sector,Sector,Germany'S Biogas And Biomethane Sectors,1,1
Buildings Energy Act (Geg),Policy,Buildings Energy Act (Geg) 2024 Amendment,1,1
Smaller Plants,Infrastructure,Small To Medium-Sized Agricultural Plants,1,1
0.8 Twh Cpbs Target,Metric,3.1 Twh Cpbs Target,1,1
0.8 Twh Cpbs Target,Metric,6.5 Twh Cpbs Target,1,1
Biogasproduction,Sector,Biogas Production,1,1
Biogasproduction,Sector,Biomethane Production,1,1
Long-Haul Trucks,Sector,Long-Distance Trucking,1,1
Sb 1440,Policy,Senate Bill 1440,1,1
Sb 1440,Policy,California Senate Bill 1440,1,1
0.6 Bcf/D By 2035,Metric,0.07 Bcf/D In 2023,1,1
0.6 Bcf/D By 2035,Metric,0.5 Bcm/Year By 2025,1,1
0.6 Bcf/D By 2035,Metric,About 12.2% Or 2.06 Bcm By 2030,1,1
Senate Bill 98,Policy,Oregon Senate Bill 98,1,1
2011-17,Timeframe,2011-2017,1,1
Waste Collection,Sector,Organic Waste Collection,1,1
Biomethane To Produce Methanol,Technology,Biomethane To Produce Low-Emissions Hydrogen,1,1
Sustainable Alternative Towards Affordable Transportation (Satat) Programme,Policy,Sustainable Alternative Towards Affordable Transportation (Satat) Initiative,1,1
Satat,Policy,Satat Programme,1,1
Galvanising Organic Bio-Agro Resources (Gobardhan),Policy,Galvanising Organic Bio-Agro Resources (Gobardhan) Programme,1,1
National Biogas Programme,Policy,National Biogas Programme (Nbp),1,1
National Biogas Programme,Policy,National Methane Emissions Reduction Programme,1,1
Filter Cake,Energysource,Filter Cake From Sugarcane Processing,1,1
